network,rank,degree,num_nodes,num_edges
sbm_strong,1,17,198,826
sbm_strong,2,16,198,826
sbm_strong,3,16,198,826
sbm_strong,4,16,198,826
sbm_strong,5,15,198,826
sbm_strong,6,15,198,826
sbm_strong,7,15,198,826
sbm_strong,8,15,198,826
sbm_strong,9,15,198,826
sbm_strong,10,14,198,826
sbm_strong,11,14,198,826
sbm_strong,12,14,198,826
sbm_strong,13,14,198,826
sbm_strong,14,14,198,826
sbm_strong,15,14,198,826
sbm_strong,16,14,198,826
sbm_strong,17,14,198,826
sbm_strong,18,14,198,826
sbm_strong,19,14,198,826
sbm_strong,20,14,198,826
sbm_strong,21,13,198,826
sbm_strong,22,13,198,826
sbm_strong,23,13,198,826
sbm_strong,24,13,198,826
sbm_strong,25,13,198,826
sbm_strong,26,13,198,826
sbm_strong,27,13,198,826
sbm_strong,28,13,198,826
sbm_strong,29,13,198,826
sbm_strong,30,13,198,826
sbm_strong,31,13,198,826
sbm_strong,32,12,198,826
sbm_strong,33,12,198,826
sbm_strong,34,12,198,826
sbm_strong,35,12,198,826
sbm_strong,36,12,198,826
sbm_strong,37,12,198,826
sbm_strong,38,12,198,826
sbm_strong,39,12,198,826
sbm_strong,40,12,198,826
sbm_strong,41,12,198,826
sbm_strong,42,12,198,826
sbm_strong,43,12,198,826
sbm_strong,44,12,198,826
sbm_strong,45,12,198,826
sbm_strong,46,12,198,826
sbm_strong,47,12,198,826
sbm_strong,48,12,198,826
sbm_strong,49,11,198,826
sbm_strong,50,11,198,826
sbm_strong,51,11,198,826
sbm_strong,52,11,198,826
sbm_strong,53,11,198,826
sbm_strong,54,11,198,826
sbm_strong,55,11,198,826
sbm_strong,56,11,198,826
sbm_strong,57,11,198,826
sbm_strong,58,11,198,826
sbm_strong,59,11,198,826
sbm_strong,60,11,198,826
sbm_strong,61,11,198,826
sbm_strong,62,11,198,826
sbm_strong,63,10,198,826
sbm_strong,64,10,198,826
sbm_strong,65,10,198,826
sbm_strong,66,10,198,826
sbm_strong,67,10,198,826
sbm_strong,68,10,198,826
sbm_strong,69,10,198,826
sbm_strong,70,10,198,826
sbm_strong,71,10,198,826
sbm_strong,72,10,198,826
sbm_strong,73,10,198,826
sbm_strong,74,10,198,826
sbm_strong,75,10,198,826
sbm_strong,76,10,198,826
sbm_strong,77,10,198,826
sbm_strong,78,9,198,826
sbm_strong,79,9,198,826
sbm_strong,80,9,198,826
sbm_strong,81,9,198,826
sbm_strong,82,9,198,826
sbm_strong,83,9,198,826
sbm_strong,84,9,198,826
sbm_strong,85,9,198,826
sbm_strong,86,9,198,826
sbm_strong,87,9,198,826
sbm_strong,88,9,198,826
sbm_strong,89,9,198,826
sbm_strong,90,9,198,826
sbm_strong,91,9,198,826
sbm_strong,92,9,198,826
sbm_strong,93,9,198,826
sbm_strong,94,9,198,826
sbm_strong,95,9,198,826
sbm_strong,96,9,198,826
sbm_strong,97,9,198,826
sbm_strong,98,8,198,826
sbm_strong,99,8,198,826
sbm_strong,100,8,198,826
sbm_strong,101,8,198,826
sbm_strong,102,8,198,826
sbm_strong,103,8,198,826
sbm_strong,104,8,198,826
sbm_strong,105,8,198,826
sbm_strong,106,8,198,826
sbm_strong,107,8,198,826
sbm_strong,108,8,198,826
sbm_strong,109,8,198,826
sbm_strong,110,8,198,826
sbm_strong,111,8,198,826
sbm_strong,112,8,198,826
sbm_strong,113,8,198,826
sbm_strong,114,8,198,826
sbm_strong,115,8,198,826
sbm_strong,116,8,198,826
sbm_strong,117,8,198,826
sbm_strong,118,8,198,826
sbm_strong,119,7,198,826
sbm_strong,120,7,198,826
sbm_strong,121,7,198,826
sbm_strong,122,7,198,826
sbm_strong,123,7,198,826
sbm_strong,124,7,198,826
sbm_strong,125,7,198,826
sbm_strong,126,7,198,826
sbm_strong,127,7,198,826
sbm_strong,128,7,198,826
sbm_strong,129,7,198,826
sbm_strong,130,7,198,826
sbm_strong,131,7,198,826
sbm_strong,132,7,198,826
sbm_strong,133,7,198,826
sbm_strong,134,7,198,826
sbm_strong,135,6,198,826
sbm_strong,136,6,198,826
sbm_strong,137,6,198,826
sbm_strong,138,6,198,826
sbm_strong,139,6,198,826
sbm_strong,140,6,198,826
sbm_strong,141,6,198,826
sbm_strong,142,6,198,826
sbm_strong,143,6,198,826
sbm_strong,144,6,198,826
sbm_strong,145,6,198,826
sbm_strong,146,6,198,826
sbm_strong,147,6,198,826
sbm_strong,148,5,198,826
sbm_strong,149,5,198,826
sbm_strong,150,5,198,826
sbm_strong,151,5,198,826
sbm_strong,152,5,198,826
sbm_strong,153,5,198,826
sbm_strong,154,5,198,826
sbm_strong,155,5,198,826
sbm_strong,156,5,198,826
sbm_strong,157,5,198,826
sbm_strong,158,4,198,826
sbm_strong,159,4,198,826
sbm_strong,160,4,198,826
sbm_strong,161,4,198,826
sbm_strong,162,4,198,826
sbm_strong,163,4,198,826
sbm_strong,164,4,198,826
sbm_strong,165,4,198,826
sbm_strong,166,4,198,826
sbm_strong,167,4,198,826
sbm_strong,168,4,198,826
sbm_strong,169,4,198,826
sbm_strong,170,4,198,826
sbm_strong,171,3,198,826
sbm_strong,172,3,198,826
sbm_strong,173,3,198,826
sbm_strong,174,3,198,826
sbm_strong,175,3,198,826
sbm_strong,176,3,198,826
sbm_strong,177,3,198,826
sbm_strong,178,3,198,826
sbm_strong,179,3,198,826
sbm_strong,180,3,198,826
sbm_strong,181,3,198,826
sbm_strong,182,3,198,826
sbm_strong,183,3,198,826
sbm_strong,184,3,198,826
sbm_strong,185,2,198,826
sbm_strong,186,2,198,826
sbm_strong,187,2,198,826
sbm_strong,188,2,198,826
sbm_strong,189,2,198,826
sbm_strong,190,2,198,826
sbm_strong,191,2,198,826
sbm_strong,192,2,198,826
sbm_strong,193,2,198,826
sbm_strong,194,2,198,826
sbm_strong,195,2,198,826
sbm_strong,196,1,198,826
sbm_strong,197,1,198,826
sbm_strong,198,1,198,826
sbm_medium,1,17,199,782
sbm_medium,2,16,199,782
sbm_medium,3,16,199,782
sbm_medium,4,15,199,782
sbm_medium,5,15,199,782
sbm_medium,6,14,199,782
sbm_medium,7,14,199,782
sbm_medium,8,14,199,782
sbm_medium,9,14,199,782
sbm_medium,10,14,199,782
sbm_medium,11,14,199,782
sbm_medium,12,14,199,782
sbm_medium,13,13,199,782
sbm_medium,14,13,199,782
sbm_medium,15,13,199,782
sbm_medium,16,13,199,782
sbm_medium,17,13,199,782
sbm_medium,18,13,199,782
sbm_medium,19,13,199,782
sbm_medium,20,12,199,782
sbm_medium,21,12,199,782
sbm_medium,22,12,199,782
sbm_medium,23,12,199,782
sbm_medium,24,12,199,782
sbm_medium,25,12,199,782
sbm_medium,26,12,199,782
sbm_medium,27,12,199,782
sbm_medium,28,12,199,782
sbm_medium,29,12,199,782
sbm_medium,30,11,199,782
sbm_medium,31,11,199,782
sbm_medium,32,11,199,782
sbm_medium,33,11,199,782
sbm_medium,34,11,199,782
sbm_medium,35,11,199,782
sbm_medium,36,11,199,782
sbm_medium,37,10,199,782
sbm_medium,38,10,199,782
sbm_medium,39,10,199,782
sbm_medium,40,10,199,782
sbm_medium,41,10,199,782
sbm_medium,42,10,199,782
sbm_medium,43,10,199,782
sbm_medium,44,10,199,782
sbm_medium,45,10,199,782
sbm_medium,46,10,199,782
sbm_medium,47,10,199,782
sbm_medium,48,10,199,782
sbm_medium,49,10,199,782
sbm_medium,50,10,199,782
sbm_medium,51,10,199,782
sbm_medium,52,10,199,782
sbm_medium,53,10,199,782
sbm_medium,54,10,199,782
sbm_medium,55,10,199,782
sbm_medium,56,10,199,782
sbm_medium,57,10,199,782
sbm_medium,58,10,199,782
sbm_medium,59,10,199,782
sbm_medium,60,10,199,782
sbm_medium,61,10,199,782
sbm_medium,62,10,199,782
sbm_medium,63,10,199,782
sbm_medium,64,9,199,782
sbm_medium,65,9,199,782
sbm_medium,66,9,199,782
sbm_medium,67,9,199,782
sbm_medium,68,9,199,782
sbm_medium,69,9,199,782
sbm_medium,70,9,199,782
sbm_medium,71,9,199,782
sbm_medium,72,9,199,782
sbm_medium,73,9,199,782
sbm_medium,74,9,199,782
sbm_medium,75,9,199,782
sbm_medium,76,9,199,782
sbm_medium,77,9,199,782
sbm_medium,78,9,199,782
sbm_medium,79,9,199,782
sbm_medium,80,9,199,782
sbm_medium,81,9,199,782
sbm_medium,82,9,199,782
sbm_medium,83,9,199,782
sbm_medium,84,9,199,782
sbm_medium,85,9,199,782
sbm_medium,86,9,199,782
sbm_medium,87,9,199,782
sbm_medium,88,9,199,782
sbm_medium,89,9,199,782
sbm_medium,90,9,199,782
sbm_medium,91,8,199,782
sbm_medium,92,8,199,782
sbm_medium,93,8,199,782
sbm_medium,94,8,199,782
sbm_medium,95,8,199,782
sbm_medium,96,8,199,782
sbm_medium,97,8,199,782
sbm_medium,98,8,199,782
sbm_medium,99,8,199,782
sbm_medium,100,8,199,782
sbm_medium,101,8,199,782
sbm_medium,102,8,199,782
sbm_medium,103,8,199,782
sbm_medium,104,8,199,782
sbm_medium,105,8,199,782
sbm_medium,106,8,199,782
sbm_medium,107,8,199,782
sbm_medium,108,8,199,782
sbm_medium,109,8,199,782
sbm_medium,110,7,199,782
sbm_medium,111,7,199,782
sbm_medium,112,7,199,782
sbm_medium,113,7,199,782
sbm_medium,114,7,199,782
sbm_medium,115,7,199,782
sbm_medium,116,7,199,782
sbm_medium,117,7,199,782
sbm_medium,118,7,199,782
sbm_medium,119,7,199,782
sbm_medium,120,7,199,782
sbm_medium,121,7,199,782
sbm_medium,122,7,199,782
sbm_medium,123,7,199,782
sbm_medium,124,7,199,782
sbm_medium,125,7,199,782
sbm_medium,126,7,199,782
sbm_medium,127,7,199,782
sbm_medium,128,6,199,782
sbm_medium,129,6,199,782
sbm_medium,130,6,199,782
sbm_medium,131,6,199,782
sbm_medium,132,6,199,782
sbm_medium,133,6,199,782
sbm_medium,134,6,199,782
sbm_medium,135,6,199,782
sbm_medium,136,6,199,782
sbm_medium,137,6,199,782
sbm_medium,138,6,199,782
sbm_medium,139,6,199,782
sbm_medium,140,6,199,782
sbm_medium,141,6,199,782
sbm_medium,142,6,199,782
sbm_medium,143,6,199,782
sbm_medium,144,6,199,782
sbm_medium,145,5,199,782
sbm_medium,146,5,199,782
sbm_medium,147,5,199,782
sbm_medium,148,5,199,782
sbm_medium,149,5,199,782
sbm_medium,150,5,199,782
sbm_medium,151,5,199,782
sbm_medium,152,5,199,782
sbm_medium,153,5,199,782
sbm_medium,154,5,199,782
sbm_medium,155,5,199,782
sbm_medium,156,5,199,782
sbm_medium,157,5,199,782
sbm_medium,158,5,199,782
sbm_medium,159,5,199,782
sbm_medium,160,5,199,782
sbm_medium,161,5,199,782
sbm_medium,162,5,199,782
sbm_medium,163,4,199,782
sbm_medium,164,4,199,782
sbm_medium,165,4,199,782
sbm_medium,166,4,199,782
sbm_medium,167,4,199,782
sbm_medium,168,4,199,782
sbm_medium,169,4,199,782
sbm_medium,170,4,199,782
sbm_medium,171,4,199,782
sbm_medium,172,4,199,782
sbm_medium,173,4,199,782
sbm_medium,174,4,199,782
sbm_medium,175,4,199,782
sbm_medium,176,3,199,782
sbm_medium,177,3,199,782
sbm_medium,178,3,199,782
sbm_medium,179,3,199,782
sbm_medium,180,3,199,782
sbm_medium,181,3,199,782
sbm_medium,182,3,199,782
sbm_medium,183,3,199,782
sbm_medium,184,3,199,782
sbm_medium,185,3,199,782
sbm_medium,186,3,199,782
sbm_medium,187,3,199,782
sbm_medium,188,3,199,782
sbm_medium,189,3,199,782
sbm_medium,190,3,199,782
sbm_medium,191,3,199,782
sbm_medium,192,3,199,782
sbm_medium,193,3,199,782
sbm_medium,194,2,199,782
sbm_medium,195,2,199,782
sbm_medium,196,2,199,782
sbm_medium,197,2,199,782
sbm_medium,198,1,199,782
sbm_medium,199,1,199,782
sbm_weak,1,18,200,930
sbm_weak,2,16,200,930
sbm_weak,3,16,200,930
sbm_weak,4,15,200,930
sbm_weak,5,15,200,930
sbm_weak,6,15,200,930
sbm_weak,7,15,200,930
sbm_weak,8,15,200,930
sbm_weak,9,15,200,930
sbm_weak,10,14,200,930
sbm_weak,11,14,200,930
sbm_weak,12,14,200,930
sbm_weak,13,14,200,930
sbm_weak,14,14,200,930
sbm_weak,15,14,200,930
sbm_weak,16,14,200,930
sbm_weak,17,14,200,930
sbm_weak,18,14,200,930
sbm_weak,19,13,200,930
sbm_weak,20,13,200,930
sbm_weak,21,13,200,930
sbm_weak,22,13,200,930
sbm_weak,23,13,200,930
sbm_weak,24,13,200,930
sbm_weak,25,13,200,930
sbm_weak,26,13,200,930
sbm_weak,27,13,200,930
sbm_weak,28,13,200,930
sbm_weak,29,12,200,930
sbm_weak,30,12,200,930
sbm_weak,31,12,200,930
sbm_weak,32,12,200,930
sbm_weak,33,12,200,930
sbm_weak,34,12,200,930
sbm_weak,35,12,200,930
sbm_weak,36,12,200,930
sbm_weak,37,12,200,930
sbm_weak,38,12,200,930
sbm_weak,39,12,200,930
sbm_weak,40,12,200,930
sbm_weak,41,12,200,930
sbm_weak,42,12,200,930
sbm_weak,43,11,200,930
sbm_weak,44,11,200,930
sbm_weak,45,11,200,930
sbm_weak,46,11,200,930
sbm_weak,47,11,200,930
sbm_weak,48,11,200,930
sbm_weak,49,11,200,930
sbm_weak,50,11,200,930
sbm_weak,51,11,200,930
sbm_weak,52,11,200,930
sbm_weak,53,11,200,930
sbm_weak,54,11,200,930
sbm_weak,55,11,200,930
sbm_weak,56,11,200,930
sbm_weak,57,11,200,930
sbm_weak,58,11,200,930
sbm_weak,59,11,200,930
sbm_weak,60,11,200,930
sbm_weak,61,11,200,930
sbm_weak,62,11,200,930
sbm_weak,63,11,200,930
sbm_weak,64,11,200,930
sbm_weak,65,11,200,930
sbm_weak,66,11,200,930
sbm_weak,67,10,200,930
sbm_weak,68,10,200,930
sbm_weak,69,10,200,930
sbm_weak,70,10,200,930
sbm_weak,71,10,200,930
sbm_weak,72,10,200,930
sbm_weak,73,10,200,930
sbm_weak,74,10,200,930
sbm_weak,75,10,200,930
sbm_weak,76,10,200,930
sbm_weak,77,10,200,930
sbm_weak,78,10,200,930
sbm_weak,79,10,200,930
sbm_weak,80,10,200,930
sbm_weak,81,10,200,930
sbm_weak,82,10,200,930
sbm_weak,83,10,200,930
sbm_weak,84,10,200,930
sbm_weak,85,10,200,930
sbm_weak,86,10,200,930
sbm_weak,87,10,200,930
sbm_weak,88,10,200,930
sbm_weak,89,10,200,930
sbm_weak,90,10,200,930
sbm_weak,91,10,200,930
sbm_weak,92,10,200,930
sbm_weak,93,10,200,930
sbm_weak,94,9,200,930
sbm_weak,95,9,200,930
sbm_weak,96,9,200,930
sbm_weak,97,9,200,930
sbm_weak,98,9,200,930
sbm_weak,99,9,200,930
sbm_weak,100,9,200,930
sbm_weak,101,9,200,930
sbm_weak,102,9,200,930
sbm_weak,103,9,200,930
sbm_weak,104,9,200,930
sbm_weak,105,9,200,930
sbm_weak,106,9,200,930
sbm_weak,107,9,200,930
sbm_weak,108,9,200,930
sbm_weak,109,9,200,930
sbm_weak,110,9,200,930
sbm_weak,111,9,200,930
sbm_weak,112,9,200,930
sbm_weak,113,9,200,930
sbm_weak,114,9,200,930
sbm_weak,115,9,200,930
sbm_weak,116,9,200,930
sbm_weak,117,8,200,930
sbm_weak,118,8,200,930
sbm_weak,119,8,200,930
sbm_weak,120,8,200,930
sbm_weak,121,8,200,930
sbm_weak,122,8,200,930
sbm_weak,123,8,200,930
sbm_weak,124,8,200,930
sbm_weak,125,8,200,930
sbm_weak,126,8,200,930
sbm_weak,127,8,200,930
sbm_weak,128,8,200,930
sbm_weak,129,8,200,930
sbm_weak,130,8,200,930
sbm_weak,131,8,200,930
sbm_weak,132,8,200,930
sbm_weak,133,8,200,930
sbm_weak,134,8,200,930
sbm_weak,135,8,200,930
sbm_weak,136,8,200,930
sbm_weak,137,8,200,930
sbm_weak,138,8,200,930
sbm_weak,139,8,200,930
sbm_weak,140,8,200,930
sbm_weak,141,8,200,930
sbm_weak,142,8,200,930
sbm_weak,143,8,200,930
sbm_weak,144,7,200,930
sbm_weak,145,7,200,930
sbm_weak,146,7,200,930
sbm_weak,147,7,200,930
sbm_weak,148,7,200,930
sbm_weak,149,7,200,930
sbm_weak,150,7,200,930
sbm_weak,151,7,200,930
sbm_weak,152,7,200,930
sbm_weak,153,7,200,930
sbm_weak,154,7,200,930
sbm_weak,155,7,200,930
sbm_weak,156,7,200,930
sbm_weak,157,7,200,930
sbm_weak,158,7,200,930
sbm_weak,159,7,200,930
sbm_weak,160,7,200,930
sbm_weak,161,7,200,930
sbm_weak,162,7,200,930
sbm_weak,163,7,200,930
sbm_weak,164,7,200,930
sbm_weak,165,6,200,930
sbm_weak,166,6,200,930
sbm_weak,167,6,200,930
sbm_weak,168,6,200,930
sbm_weak,169,6,200,930
sbm_weak,170,6,200,930
sbm_weak,171,6,200,930
sbm_weak,172,6,200,930
sbm_weak,173,6,200,930
sbm_weak,174,6,200,930
sbm_weak,175,6,200,930
sbm_weak,176,6,200,930
sbm_weak,177,6,200,930
sbm_weak,178,6,200,930
sbm_weak,179,6,200,930
sbm_weak,180,6,200,930
sbm_weak,181,6,200,930
sbm_weak,182,6,200,930
sbm_weak,183,6,200,930
sbm_weak,184,5,200,930
sbm_weak,185,5,200,930
sbm_weak,186,5,200,930
sbm_weak,187,5,200,930
sbm_weak,188,5,200,930
sbm_weak,189,5,200,930
sbm_weak,190,5,200,930
sbm_weak,191,5,200,930
sbm_weak,192,5,200,930
sbm_weak,193,5,200,930
sbm_weak,194,5,200,930
sbm_weak,195,5,200,930
sbm_weak,196,5,200,930
sbm_weak,197,4,200,930
sbm_weak,198,3,200,930
sbm_weak,199,3,200,930
sbm_weak,200,3,200,930
karate,1,17,34,78
karate,2,16,34,78
karate,3,12,34,78
karate,4,10,34,78
karate,5,9,34,78
karate,6,6,34,78
karate,7,6,34,78
karate,8,5,34,78
karate,9,5,34,78
karate,10,5,34,78
karate,11,4,34,78
karate,12,4,34,78
karate,13,4,34,78
karate,14,4,34,78
karate,15,4,34,78
karate,16,4,34,78
karate,17,3,34,78
karate,18,3,34,78
karate,19,3,34,78
karate,20,3,34,78
karate,21,3,34,78
karate,22,3,34,78
karate,23,2,34,78
karate,24,2,34,78
karate,25,2,34,78
karate,26,2,34,78
karate,27,2,34,78
karate,28,2,34,78
karate,29,2,34,78
karate,30,2,34,78
karate,31,2,34,78
karate,32,2,34,78
karate,33,2,34,78
karate,34,1,34,78
football,1,12,115,613
football,2,12,115,613
football,3,12,115,613
football,4,12,115,613
football,5,12,115,613
football,6,12,115,613
football,7,12,115,613
football,8,12,115,613
football,9,12,115,613
football,10,12,115,613
football,11,12,115,613
football,12,12,115,613
football,13,11,115,613
football,14,11,115,613
football,15,11,115,613
football,16,11,115,613
football,17,11,115,613
football,18,11,115,613
football,19,11,115,613
football,20,11,115,613
football,21,11,115,613
football,22,11,115,613
football,23,11,115,613
football,24,11,115,613
football,25,11,115,613
football,26,11,115,613
football,27,11,115,613
football,28,11,115,613
football,29,11,115,613
football,30,11,115,613
football,31,11,115,613
football,32,11,115,613
football,33,11,115,613
football,34,11,115,613
football,35,11,115,613
football,36,11,115,613
football,37,11,115,613
football,38,11,115,613
football,39,11,115,613
football,40,11,115,613
football,41,11,115,613
football,42,11,115,613
football,43,11,115,613
football,44,11,115,613
football,45,11,115,613
football,46,11,115,613
football,47,11,115,613
football,48,11,115,613
football,49,11,115,613
football,50,11,115,613
football,51,11,115,613
football,52,11,115,613
football,53,11,115,613
football,54,11,115,613
football,55,11,115,613
football,56,11,115,613
football,57,11,115,613
football,58,11,115,613
football,59,11,115,613
football,60,11,115,613
football,61,11,115,613
football,62,11,115,613
football,63,11,115,613
football,64,11,115,613
football,65,11,115,613
football,66,11,115,613
football,67,11,115,613
football,68,11,115,613
football,69,11,115,613
football,70,11,115,613
football,71,11,115,613
football,72,11,115,613
football,73,11,115,613
football,74,11,115,613
football,75,11,115,613
football,76,11,115,613
football,77,11,115,613
football,78,11,115,613
football,79,10,115,613
football,80,10,115,613
football,81,10,115,613
football,82,10,115,613
football,83,10,115,613
football,84,10,115,613
football,85,10,115,613
football,86,10,115,613
football,87,10,115,613
football,88,10,115,613
football,89,10,115,613
football,90,10,115,613
football,91,10,115,613
football,92,10,115,613
football,93,10,115,613
football,94,10,115,613
football,95,10,115,613
football,96,10,115,613
football,97,10,115,613
football,98,10,115,613
football,99,10,115,613
football,100,10,115,613
football,101,10,115,613
football,102,10,115,613
football,103,10,115,613
football,104,10,115,613
football,105,10,115,613
football,106,10,115,613
football,107,9,115,613
football,108,9,115,613
football,109,9,115,613
football,110,9,115,613
football,111,9,115,613
football,112,8,115,613
football,113,8,115,613
football,114,8,115,613
football,115,7,115,613
ca_netscience,1,34,379,914
ca_netscience,2,27,379,914
ca_netscience,3,27,379,914
ca_netscience,4,21,379,914
ca_netscience,5,19,379,914
ca_netscience,6,18,379,914
ca_netscience,7,17,379,914
ca_netscience,8,16,379,914
ca_netscience,9,15,379,914
ca_netscience,10,15,379,914
ca_netscience,11,15,379,914
ca_netscience,12,14,379,914
ca_netscience,13,14,379,914
ca_netscience,14,14,379,914
ca_netscience,15,14,379,914
ca_netscience,16,12,379,914
ca_netscience,17,12,379,914
ca_netscience,18,12,379,914
ca_netscience,19,12,379,914
ca_netscience,20,12,379,914
ca_netscience,21,12,379,914
ca_netscience,22,12,379,914
ca_netscience,23,12,379,914
ca_netscience,24,11,379,914
ca_netscience,25,11,379,914
ca_netscience,26,11,379,914
ca_netscience,27,11,379,914
ca_netscience,28,11,379,914
ca_netscience,29,10,379,914
ca_netscience,30,10,379,914
ca_netscience,31,10,379,914
ca_netscience,32,10,379,914
ca_netscience,33,10,379,914
ca_netscience,34,10,379,914
ca_netscience,35,9,379,914
ca_netscience,36,9,379,914
ca_netscience,37,9,379,914
ca_netscience,38,9,379,914
ca_netscience,39,9,379,914
ca_netscience,40,9,379,914
ca_netscience,41,9,379,914
ca_netscience,42,9,379,914
ca_netscience,43,9,379,914
ca_netscience,44,8,379,914
ca_netscience,45,8,379,914
ca_netscience,46,8,379,914
ca_netscience,47,8,379,914
ca_netscience,48,8,379,914
ca_netscience,49,8,379,914
ca_netscience,50,8,379,914
ca_netscience,51,8,379,914
ca_netscience,52,8,379,914
ca_netscience,53,8,379,914
ca_netscience,54,8,379,914
ca_netscience,55,8,379,914
ca_netscience,56,7,379,914
ca_netscience,57,7,379,914
ca_netscience,58,7,379,914
ca_netscience,59,7,379,914
ca_netscience,60,7,379,914
ca_netscience,61,7,379,914
ca_netscience,62,7,379,914
ca_netscience,63,7,379,914
ca_netscience,64,7,379,914
ca_netscience,65,7,379,914
ca_netscience,66,7,379,914
ca_netscience,67,7,379,914
ca_netscience,68,7,379,914
ca_netscience,69,7,379,914
ca_netscience,70,7,379,914
ca_netscience,71,7,379,914
ca_netscience,72,7,379,914
ca_netscience,73,7,379,914
ca_netscience,74,7,379,914
ca_netscience,75,7,379,914
ca_netscience,76,6,379,914
ca_netscience,77,6,379,914
ca_netscience,78,6,379,914
ca_netscience,79,6,379,914
ca_netscience,80,6,379,914
ca_netscience,81,6,379,914
ca_netscience,82,6,379,914
ca_netscience,83,6,379,914
ca_netscience,84,6,379,914
ca_netscience,85,6,379,914
ca_netscience,86,6,379,914
ca_netscience,87,6,379,914
ca_netscience,88,6,379,914
ca_netscience,89,6,379,914
ca_netscience,90,6,379,914
ca_netscience,91,6,379,914
ca_netscience,92,6,379,914
ca_netscience,93,6,379,914
ca_netscience,94,6,379,914
ca_netscience,95,6,379,914
ca_netscience,96,6,379,914
ca_netscience,97,6,379,914
ca_netscience,98,6,379,914
ca_netscience,99,6,379,914
ca_netscience,100,6,379,914
ca_netscience,101,6,379,914
ca_netscience,102,6,379,914
ca_netscience,103,6,379,914
ca_netscience,104,6,379,914
ca_netscience,105,6,379,914
ca_netscience,106,6,379,914
ca_netscience,107,6,379,914
ca_netscience,108,6,379,914
ca_netscience,109,6,379,914
ca_netscience,110,6,379,914
ca_netscience,111,6,379,914
ca_netscience,112,5,379,914
ca_netscience,113,5,379,914
ca_netscience,114,5,379,914
ca_netscience,115,5,379,914
ca_netscience,116,5,379,914
ca_netscience,117,5,379,914
ca_netscience,118,5,379,914
ca_netscience,119,5,379,914
ca_netscience,120,5,379,914
ca_netscience,121,5,379,914
ca_netscience,122,5,379,914
ca_netscience,123,5,379,914
ca_netscience,124,5,379,914
ca_netscience,125,5,379,914
ca_netscience,126,5,379,914
ca_netscience,127,5,379,914
ca_netscience,128,5,379,914
ca_netscience,129,5,379,914
ca_netscience,130,5,379,914
ca_netscience,131,5,379,914
ca_netscience,132,5,379,914
ca_netscience,133,5,379,914
ca_netscience,134,5,379,914
ca_netscience,135,5,379,914
ca_netscience,136,5,379,914
ca_netscience,137,5,379,914
ca_netscience,138,5,379,914
ca_netscience,139,5,379,914
ca_netscience,140,5,379,914
ca_netscience,141,5,379,914
ca_netscience,142,5,379,914
ca_netscience,143,5,379,914
ca_netscience,144,5,379,914
ca_netscience,145,4,379,914
ca_netscience,146,4,379,914
ca_netscience,147,4,379,914
ca_netscience,148,4,379,914
ca_netscience,149,4,379,914
ca_netscience,150,4,379,914
ca_netscience,151,4,379,914
ca_netscience,152,4,379,914
ca_netscience,153,4,379,914
ca_netscience,154,4,379,914
ca_netscience,155,4,379,914
ca_netscience,156,4,379,914
ca_netscience,157,4,379,914
ca_netscience,158,4,379,914
ca_netscience,159,4,379,914
ca_netscience,160,4,379,914
ca_netscience,161,4,379,914
ca_netscience,162,4,379,914
ca_netscience,163,4,379,914
ca_netscience,164,4,379,914
ca_netscience,165,4,379,914
ca_netscience,166,4,379,914
ca_netscience,167,4,379,914
ca_netscience,168,4,379,914
ca_netscience,169,4,379,914
ca_netscience,170,4,379,914
ca_netscience,171,4,379,914
ca_netscience,172,4,379,914
ca_netscience,173,4,379,914
ca_netscience,174,4,379,914
ca_netscience,175,4,379,914
ca_netscience,176,4,379,914
ca_netscience,177,4,379,914
ca_netscience,178,4,379,914
ca_netscience,179,4,379,914
ca_netscience,180,4,379,914
ca_netscience,181,4,379,914
ca_netscience,182,4,379,914
ca_netscience,183,4,379,914
ca_netscience,184,4,379,914
ca_netscience,185,4,379,914
ca_netscience,186,4,379,914
ca_netscience,187,4,379,914
ca_netscience,188,4,379,914
ca_netscience,189,4,379,914
ca_netscience,190,4,379,914
ca_netscience,191,4,379,914
ca_netscience,192,4,379,914
ca_netscience,193,4,379,914
ca_netscience,194,4,379,914
ca_netscience,195,4,379,914
ca_netscience,196,4,379,914
ca_netscience,197,4,379,914
ca_netscience,198,4,379,914
ca_netscience,199,4,379,914
ca_netscience,200,4,379,914
ca_netscience,201,4,379,914
ca_netscience,202,4,379,914
ca_netscience,203,4,379,914
ca_netscience,204,4,379,914
ca_netscience,205,4,379,914
ca_netscience,206,4,379,914
ca_netscience,207,3,379,914
ca_netscience,208,3,379,914
ca_netscience,209,3,379,914
ca_netscience,210,3,379,914
ca_netscience,211,3,379,914
ca_netscience,212,3,379,914
ca_netscience,213,3,379,914
ca_netscience,214,3,379,914
ca_netscience,215,3,379,914
ca_netscience,216,3,379,914
ca_netscience,217,3,379,914
ca_netscience,218,3,379,914
ca_netscience,219,3,379,914
ca_netscience,220,3,379,914
ca_netscience,221,3,379,914
ca_netscience,222,3,379,914
ca_netscience,223,3,379,914
ca_netscience,224,3,379,914
ca_netscience,225,3,379,914
ca_netscience,226,3,379,914
ca_netscience,227,3,379,914
ca_netscience,228,3,379,914
ca_netscience,229,3,379,914
ca_netscience,230,3,379,914
ca_netscience,231,3,379,914
ca_netscience,232,3,379,914
ca_netscience,233,3,379,914
ca_netscience,234,3,379,914
ca_netscience,235,3,379,914
ca_netscience,236,3,379,914
ca_netscience,237,3,379,914
ca_netscience,238,3,379,914
ca_netscience,239,3,379,914
ca_netscience,240,3,379,914
ca_netscience,241,3,379,914
ca_netscience,242,3,379,914
ca_netscience,243,3,379,914
ca_netscience,244,3,379,914
ca_netscience,245,3,379,914
ca_netscience,246,3,379,914
ca_netscience,247,3,379,914
ca_netscience,248,3,379,914
ca_netscience,249,3,379,914
ca_netscience,250,3,379,914
ca_netscience,251,3,379,914
ca_netscience,252,3,379,914
ca_netscience,253,3,379,914
ca_netscience,254,3,379,914
ca_netscience,255,3,379,914
ca_netscience,256,3,379,914
ca_netscience,257,3,379,914
ca_netscience,258,3,379,914
ca_netscience,259,3,379,914
ca_netscience,260,3,379,914
ca_netscience,261,3,379,914
ca_netscience,262,3,379,914
ca_netscience,263,3,379,914
ca_netscience,264,3,379,914
ca_netscience,265,3,379,914
ca_netscience,266,3,379,914
ca_netscience,267,3,379,914
ca_netscience,268,3,379,914
ca_netscience,269,3,379,914
ca_netscience,270,3,379,914
ca_netscience,271,3,379,914
ca_netscience,272,3,379,914
ca_netscience,273,3,379,914
ca_netscience,274,3,379,914
ca_netscience,275,3,379,914
ca_netscience,276,3,379,914
ca_netscience,277,3,379,914
ca_netscience,278,3,379,914
ca_netscience,279,2,379,914
ca_netscience,280,2,379,914
ca_netscience,281,2,379,914
ca_netscience,282,2,379,914
ca_netscience,283,2,379,914
ca_netscience,284,2,379,914
ca_netscience,285,2,379,914
ca_netscience,286,2,379,914
ca_netscience,287,2,379,914
ca_netscience,288,2,379,914
ca_netscience,289,2,379,914
ca_netscience,290,2,379,914
ca_netscience,291,2,379,914
ca_netscience,292,2,379,914
ca_netscience,293,2,379,914
ca_netscience,294,2,379,914
ca_netscience,295,2,379,914
ca_netscience,296,2,379,914
ca_netscience,297,2,379,914
ca_netscience,298,2,379,914
ca_netscience,299,2,379,914
ca_netscience,300,2,379,914
ca_netscience,301,2,379,914
ca_netscience,302,2,379,914
ca_netscience,303,2,379,914
ca_netscience,304,2,379,914
ca_netscience,305,2,379,914
ca_netscience,306,2,379,914
ca_netscience,307,2,379,914
ca_netscience,308,2,379,914
ca_netscience,309,2,379,914
ca_netscience,310,2,379,914
ca_netscience,311,2,379,914
ca_netscience,312,2,379,914
ca_netscience,313,2,379,914
ca_netscience,314,2,379,914
ca_netscience,315,2,379,914
ca_netscience,316,2,379,914
ca_netscience,317,2,379,914
ca_netscience,318,2,379,914
ca_netscience,319,2,379,914
ca_netscience,320,2,379,914
ca_netscience,321,2,379,914
ca_netscience,322,2,379,914
ca_netscience,323,2,379,914
ca_netscience,324,2,379,914
ca_netscience,325,2,379,914
ca_netscience,326,2,379,914
ca_netscience,327,2,379,914
ca_netscience,328,2,379,914
ca_netscience,329,2,379,914
ca_netscience,330,2,379,914
ca_netscience,331,2,379,914
ca_netscience,332,2,379,914
ca_netscience,333,2,379,914
ca_netscience,334,2,379,914
ca_netscience,335,2,379,914
ca_netscience,336,2,379,914
ca_netscience,337,2,379,914
ca_netscience,338,2,379,914
ca_netscience,339,2,379,914
ca_netscience,340,2,379,914
ca_netscience,341,2,379,914
ca_netscience,342,2,379,914
ca_netscience,343,2,379,914
ca_netscience,344,2,379,914
ca_netscience,345,2,379,914
ca_netscience,346,2,379,914
ca_netscience,347,2,379,914
ca_netscience,348,2,379,914
ca_netscience,349,2,379,914
ca_netscience,350,2,379,914
ca_netscience,351,2,379,914
ca_netscience,352,2,379,914
ca_netscience,353,1,379,914
ca_netscience,354,1,379,914
ca_netscience,355,1,379,914
ca_netscience,356,1,379,914
ca_netscience,357,1,379,914
ca_netscience,358,1,379,914
ca_netscience,359,1,379,914
ca_netscience,360,1,379,914
ca_netscience,361,1,379,914
ca_netscience,362,1,379,914
ca_netscience,363,1,379,914
ca_netscience,364,1,379,914
ca_netscience,365,1,379,914
ca_netscience,366,1,379,914
ca_netscience,367,1,379,914
ca_netscience,368,1,379,914
ca_netscience,369,1,379,914
ca_netscience,370,1,379,914
ca_netscience,371,1,379,914
ca_netscience,372,1,379,914
ca_netscience,373,1,379,914
ca_netscience,374,1,379,914
ca_netscience,375,1,379,914
ca_netscience,376,1,379,914
ca_netscience,377,1,379,914
ca_netscience,378,1,379,914
ca_netscience,379,1,379,914
bio_diseasome,1,50,516,1188
bio_diseasome,2,30,516,1188
bio_diseasome,3,27,516,1188
bio_diseasome,4,26,516,1188
bio_diseasome,5,26,516,1188
bio_diseasome,6,25,516,1188
bio_diseasome,7,24,516,1188
bio_diseasome,8,23,516,1188
bio_diseasome,9,20,516,1188
bio_diseasome,10,16,516,1188
bio_diseasome,11,16,516,1188
bio_diseasome,12,16,516,1188
bio_diseasome,13,15,516,1188
bio_diseasome,14,15,516,1188
bio_diseasome,15,15,516,1188
bio_diseasome,16,15,516,1188
bio_diseasome,17,14,516,1188
bio_diseasome,18,14,516,1188
bio_diseasome,19,14,516,1188
bio_diseasome,20,14,516,1188
bio_diseasome,21,14,516,1188
bio_diseasome,22,13,516,1188
bio_diseasome,23,12,516,1188
bio_diseasome,24,12,516,1188
bio_diseasome,25,11,516,1188
bio_diseasome,26,11,516,1188
bio_diseasome,27,11,516,1188
bio_diseasome,28,11,516,1188
bio_diseasome,29,11,516,1188
bio_diseasome,30,11,516,1188
bio_diseasome,31,11,516,1188
bio_diseasome,32,10,516,1188
bio_diseasome,33,10,516,1188
bio_diseasome,34,10,516,1188
bio_diseasome,35,10,516,1188
bio_diseasome,36,10,516,1188
bio_diseasome,37,10,516,1188
bio_diseasome,38,10,516,1188
bio_diseasome,39,10,516,1188
bio_diseasome,40,9,516,1188
bio_diseasome,41,9,516,1188
bio_diseasome,42,9,516,1188
bio_diseasome,43,9,516,1188
bio_diseasome,44,9,516,1188
bio_diseasome,45,9,516,1188
bio_diseasome,46,9,516,1188
bio_diseasome,47,9,516,1188
bio_diseasome,48,9,516,1188
bio_diseasome,49,9,516,1188
bio_diseasome,50,9,516,1188
bio_diseasome,51,9,516,1188
bio_diseasome,52,9,516,1188
bio_diseasome,53,9,516,1188
bio_diseasome,54,9,516,1188
bio_diseasome,55,9,516,1188
bio_diseasome,56,9,516,1188
bio_diseasome,57,9,516,1188
bio_diseasome,58,9,516,1188
bio_diseasome,59,9,516,1188
bio_diseasome,60,8,516,1188
bio_diseasome,61,8,516,1188
bio_diseasome,62,8,516,1188
bio_diseasome,63,8,516,1188
bio_diseasome,64,8,516,1188
bio_diseasome,65,8,516,1188
bio_diseasome,66,8,516,1188
bio_diseasome,67,8,516,1188
bio_diseasome,68,8,516,1188
bio_diseasome,69,8,516,1188
bio_diseasome,70,8,516,1188
bio_diseasome,71,8,516,1188
bio_diseasome,72,8,516,1188
bio_diseasome,73,8,516,1188
bio_diseasome,74,8,516,1188
bio_diseasome,75,8,516,1188
bio_diseasome,76,8,516,1188
bio_diseasome,77,8,516,1188
bio_diseasome,78,8,516,1188
bio_diseasome,79,8,516,1188
bio_diseasome,80,8,516,1188
bio_diseasome,81,8,516,1188
bio_diseasome,82,8,516,1188
bio_diseasome,83,8,516,1188
bio_diseasome,84,8,516,1188
bio_diseasome,85,8,516,1188
bio_diseasome,86,7,516,1188
bio_diseasome,87,7,516,1188
bio_diseasome,88,7,516,1188
bio_diseasome,89,7,516,1188
bio_diseasome,90,7,516,1188
bio_diseasome,91,7,516,1188
bio_diseasome,92,7,516,1188
bio_diseasome,93,7,516,1188
bio_diseasome,94,7,516,1188
bio_diseasome,95,7,516,1188
bio_diseasome,96,7,516,1188
bio_diseasome,97,7,516,1188
bio_diseasome,98,7,516,1188
bio_diseasome,99,7,516,1188
bio_diseasome,100,7,516,1188
bio_diseasome,101,7,516,1188
bio_diseasome,102,7,516,1188
bio_diseasome,103,7,516,1188
bio_diseasome,104,7,516,1188
bio_diseasome,105,7,516,1188
bio_diseasome,106,7,516,1188
bio_diseasome,107,7,516,1188
bio_diseasome,108,7,516,1188
bio_diseasome,109,7,516,1188
bio_diseasome,110,6,516,1188
bio_diseasome,111,6,516,1188
bio_diseasome,112,6,516,1188
bio_diseasome,113,6,516,1188
bio_diseasome,114,6,516,1188
bio_diseasome,115,6,516,1188
bio_diseasome,116,6,516,1188
bio_diseasome,117,6,516,1188
bio_diseasome,118,6,516,1188
bio_diseasome,119,6,516,1188
bio_diseasome,120,6,516,1188
bio_diseasome,121,6,516,1188
bio_diseasome,122,6,516,1188
bio_diseasome,123,6,516,1188
bio_diseasome,124,6,516,1188
bio_diseasome,125,6,516,1188
bio_diseasome,126,6,516,1188
bio_diseasome,127,6,516,1188
bio_diseasome,128,6,516,1188
bio_diseasome,129,6,516,1188
bio_diseasome,130,6,516,1188
bio_diseasome,131,6,516,1188
bio_diseasome,132,6,516,1188
bio_diseasome,133,6,516,1188
bio_diseasome,134,6,516,1188
bio_diseasome,135,6,516,1188
bio_diseasome,136,6,516,1188
bio_diseasome,137,5,516,1188
bio_diseasome,138,5,516,1188
bio_diseasome,139,5,516,1188
bio_diseasome,140,5,516,1188
bio_diseasome,141,5,516,1188
bio_diseasome,142,5,516,1188
bio_diseasome,143,5,516,1188
bio_diseasome,144,5,516,1188
bio_diseasome,145,5,516,1188
bio_diseasome,146,5,516,1188
bio_diseasome,147,5,516,1188
bio_diseasome,148,5,516,1188
bio_diseasome,149,5,516,1188
bio_diseasome,150,5,516,1188
bio_diseasome,151,5,516,1188
bio_diseasome,152,5,516,1188
bio_diseasome,153,5,516,1188
bio_diseasome,154,5,516,1188
bio_diseasome,155,5,516,1188
bio_diseasome,156,5,516,1188
bio_diseasome,157,5,516,1188
bio_diseasome,158,5,516,1188
bio_diseasome,159,5,516,1188
bio_diseasome,160,5,516,1188
bio_diseasome,161,5,516,1188
bio_diseasome,162,5,516,1188
bio_diseasome,163,5,516,1188
bio_diseasome,164,5,516,1188
bio_diseasome,165,5,516,1188
bio_diseasome,166,5,516,1188
bio_diseasome,167,5,516,1188
bio_diseasome,168,5,516,1188
bio_diseasome,169,5,516,1188
bio_diseasome,170,5,516,1188
bio_diseasome,171,5,516,1188
bio_diseasome,172,5,516,1188
bio_diseasome,173,5,516,1188
bio_diseasome,174,5,516,1188
bio_diseasome,175,5,516,1188
bio_diseasome,176,5,516,1188
bio_diseasome,177,5,516,1188
bio_diseasome,178,5,516,1188
bio_diseasome,179,5,516,1188
bio_diseasome,180,5,516,1188
bio_diseasome,181,5,516,1188
bio_diseasome,182,5,516,1188
bio_diseasome,183,5,516,1188
bio_diseasome,184,5,516,1188
bio_diseasome,185,5,516,1188
bio_diseasome,186,5,516,1188
bio_diseasome,187,5,516,1188
bio_diseasome,188,5,516,1188
bio_diseasome,189,5,516,1188
bio_diseasome,190,5,516,1188
bio_diseasome,191,4,516,1188
bio_diseasome,192,4,516,1188
bio_diseasome,193,4,516,1188
bio_diseasome,194,4,516,1188
bio_diseasome,195,4,516,1188
bio_diseasome,196,4,516,1188
bio_diseasome,197,4,516,1188
bio_diseasome,198,4,516,1188
bio_diseasome,199,4,516,1188
bio_diseasome,200,4,516,1188
bio_diseasome,201,4,516,1188
bio_diseasome,202,4,516,1188
bio_diseasome,203,4,516,1188
bio_diseasome,204,4,516,1188
bio_diseasome,205,4,516,1188
bio_diseasome,206,4,516,1188
bio_diseasome,207,4,516,1188
bio_diseasome,208,4,516,1188
bio_diseasome,209,4,516,1188
bio_diseasome,210,4,516,1188
bio_diseasome,211,4,516,1188
bio_diseasome,212,4,516,1188
bio_diseasome,213,4,516,1188
bio_diseasome,214,4,516,1188
bio_diseasome,215,4,516,1188
bio_diseasome,216,4,516,1188
bio_diseasome,217,4,516,1188
bio_diseasome,218,4,516,1188
bio_diseasome,219,4,516,1188
bio_diseasome,220,4,516,1188
bio_diseasome,221,4,516,1188
bio_diseasome,222,4,516,1188
bio_diseasome,223,4,516,1188
bio_diseasome,224,4,516,1188
bio_diseasome,225,4,516,1188
bio_diseasome,226,4,516,1188
bio_diseasome,227,4,516,1188
bio_diseasome,228,4,516,1188
bio_diseasome,229,4,516,1188
bio_diseasome,230,4,516,1188
bio_diseasome,231,4,516,1188
bio_diseasome,232,4,516,1188
bio_diseasome,233,4,516,1188
bio_diseasome,234,4,516,1188
bio_diseasome,235,4,516,1188
bio_diseasome,236,4,516,1188
bio_diseasome,237,4,516,1188
bio_diseasome,238,4,516,1188
bio_diseasome,239,4,516,1188
bio_diseasome,240,4,516,1188
bio_diseasome,241,4,516,1188
bio_diseasome,242,4,516,1188
bio_diseasome,243,4,516,1188
bio_diseasome,244,4,516,1188
bio_diseasome,245,4,516,1188
bio_diseasome,246,4,516,1188
bio_diseasome,247,4,516,1188
bio_diseasome,248,4,516,1188
bio_diseasome,249,4,516,1188
bio_diseasome,250,4,516,1188
bio_diseasome,251,4,516,1188
bio_diseasome,252,4,516,1188
bio_diseasome,253,4,516,1188
bio_diseasome,254,4,516,1188
bio_diseasome,255,4,516,1188
bio_diseasome,256,4,516,1188
bio_diseasome,257,4,516,1188
bio_diseasome,258,4,516,1188
bio_diseasome,259,4,516,1188
bio_diseasome,260,3,516,1188
bio_diseasome,261,3,516,1188
bio_diseasome,262,3,516,1188
bio_diseasome,263,3,516,1188
bio_diseasome,264,3,516,1188
bio_diseasome,265,3,516,1188
bio_diseasome,266,3,516,1188
bio_diseasome,267,3,516,1188
bio_diseasome,268,3,516,1188
bio_diseasome,269,3,516,1188
bio_diseasome,270,3,516,1188
bio_diseasome,271,3,516,1188
bio_diseasome,272,3,516,1188
bio_diseasome,273,3,516,1188
bio_diseasome,274,3,516,1188
bio_diseasome,275,3,516,1188
bio_diseasome,276,3,516,1188
bio_diseasome,277,3,516,1188
bio_diseasome,278,3,516,1188
bio_diseasome,279,3,516,1188
bio_diseasome,280,3,516,1188
bio_diseasome,281,3,516,1188
bio_diseasome,282,3,516,1188
bio_diseasome,283,3,516,1188
bio_diseasome,284,3,516,1188
bio_diseasome,285,3,516,1188
bio_diseasome,286,3,516,1188
bio_diseasome,287,3,516,1188
bio_diseasome,288,3,516,1188
bio_diseasome,289,3,516,1188
bio_diseasome,290,3,516,1188
bio_diseasome,291,3,516,1188
bio_diseasome,292,3,516,1188
bio_diseasome,293,3,516,1188
bio_diseasome,294,3,516,1188
bio_diseasome,295,3,516,1188
bio_diseasome,296,3,516,1188
bio_diseasome,297,3,516,1188
bio_diseasome,298,3,516,1188
bio_diseasome,299,3,516,1188
bio_diseasome,300,3,516,1188
bio_diseasome,301,3,516,1188
bio_diseasome,302,3,516,1188
bio_diseasome,303,3,516,1188
bio_diseasome,304,3,516,1188
bio_diseasome,305,3,516,1188
bio_diseasome,306,3,516,1188
bio_diseasome,307,3,516,1188
bio_diseasome,308,3,516,1188
bio_diseasome,309,3,516,1188
bio_diseasome,310,3,516,1188
bio_diseasome,311,3,516,1188
bio_diseasome,312,3,516,1188
bio_diseasome,313,3,516,1188
bio_diseasome,314,3,516,1188
bio_diseasome,315,3,516,1188
bio_diseasome,316,3,516,1188
bio_diseasome,317,3,516,1188
bio_diseasome,318,3,516,1188
bio_diseasome,319,3,516,1188
bio_diseasome,320,3,516,1188
bio_diseasome,321,3,516,1188
bio_diseasome,322,3,516,1188
bio_diseasome,323,3,516,1188
bio_diseasome,324,3,516,1188
bio_diseasome,325,2,516,1188
bio_diseasome,326,2,516,1188
bio_diseasome,327,2,516,1188
bio_diseasome,328,2,516,1188
bio_diseasome,329,2,516,1188
bio_diseasome,330,2,516,1188
bio_diseasome,331,2,516,1188
bio_diseasome,332,2,516,1188
bio_diseasome,333,2,516,1188
bio_diseasome,334,2,516,1188
bio_diseasome,335,2,516,1188
bio_diseasome,336,2,516,1188
bio_diseasome,337,2,516,1188
bio_diseasome,338,2,516,1188
bio_diseasome,339,2,516,1188
bio_diseasome,340,2,516,1188
bio_diseasome,341,2,516,1188
bio_diseasome,342,2,516,1188
bio_diseasome,343,2,516,1188
bio_diseasome,344,2,516,1188
bio_diseasome,345,2,516,1188
bio_diseasome,346,2,516,1188
bio_diseasome,347,2,516,1188
bio_diseasome,348,2,516,1188
bio_diseasome,349,2,516,1188
bio_diseasome,350,2,516,1188
bio_diseasome,351,2,516,1188
bio_diseasome,352,2,516,1188
bio_diseasome,353,2,516,1188
bio_diseasome,354,2,516,1188
bio_diseasome,355,2,516,1188
bio_diseasome,356,2,516,1188
bio_diseasome,357,2,516,1188
bio_diseasome,358,2,516,1188
bio_diseasome,359,2,516,1188
bio_diseasome,360,2,516,1188
bio_diseasome,361,2,516,1188
bio_diseasome,362,2,516,1188
bio_diseasome,363,2,516,1188
bio_diseasome,364,2,516,1188
bio_diseasome,365,2,516,1188
bio_diseasome,366,2,516,1188
bio_diseasome,367,2,516,1188
bio_diseasome,368,2,516,1188
bio_diseasome,369,2,516,1188
bio_diseasome,370,2,516,1188
bio_diseasome,371,2,516,1188
bio_diseasome,372,2,516,1188
bio_diseasome,373,2,516,1188
bio_diseasome,374,2,516,1188
bio_diseasome,375,2,516,1188
bio_diseasome,376,2,516,1188
bio_diseasome,377,2,516,1188
bio_diseasome,378,2,516,1188
bio_diseasome,379,2,516,1188
bio_diseasome,380,2,516,1188
bio_diseasome,381,2,516,1188
bio_diseasome,382,2,516,1188
bio_diseasome,383,2,516,1188
bio_diseasome,384,2,516,1188
bio_diseasome,385,2,516,1188
bio_diseasome,386,2,516,1188
bio_diseasome,387,2,516,1188
bio_diseasome,388,2,516,1188
bio_diseasome,389,2,516,1188
bio_diseasome,390,2,516,1188
bio_diseasome,391,2,516,1188
bio_diseasome,392,2,516,1188
bio_diseasome,393,2,516,1188
bio_diseasome,394,2,516,1188
bio_diseasome,395,2,516,1188
bio_diseasome,396,2,516,1188
bio_diseasome,397,2,516,1188
bio_diseasome,398,2,516,1188
bio_diseasome,399,2,516,1188
bio_diseasome,400,2,516,1188
bio_diseasome,401,2,516,1188
bio_diseasome,402,2,516,1188
bio_diseasome,403,2,516,1188
bio_diseasome,404,2,516,1188
bio_diseasome,405,2,516,1188
bio_diseasome,406,2,516,1188
bio_diseasome,407,2,516,1188
bio_diseasome,408,2,516,1188
bio_diseasome,409,2,516,1188
bio_diseasome,410,2,516,1188
bio_diseasome,411,2,516,1188
bio_diseasome,412,2,516,1188
bio_diseasome,413,2,516,1188
bio_diseasome,414,2,516,1188
bio_diseasome,415,2,516,1188
bio_diseasome,416,2,516,1188
bio_diseasome,417,2,516,1188
bio_diseasome,418,2,516,1188
bio_diseasome,419,2,516,1188
bio_diseasome,420,2,516,1188
bio_diseasome,421,2,516,1188
bio_diseasome,422,2,516,1188
bio_diseasome,423,2,516,1188
bio_diseasome,424,2,516,1188
bio_diseasome,425,2,516,1188
bio_diseasome,426,2,516,1188
bio_diseasome,427,1,516,1188
bio_diseasome,428,1,516,1188
bio_diseasome,429,1,516,1188
bio_diseasome,430,1,516,1188
bio_diseasome,431,1,516,1188
bio_diseasome,432,1,516,1188
bio_diseasome,433,1,516,1188
bio_diseasome,434,1,516,1188
bio_diseasome,435,1,516,1188
bio_diseasome,436,1,516,1188
bio_diseasome,437,1,516,1188
bio_diseasome,438,1,516,1188
bio_diseasome,439,1,516,1188
bio_diseasome,440,1,516,1188
bio_diseasome,441,1,516,1188
bio_diseasome,442,1,516,1188
bio_diseasome,443,1,516,1188
bio_diseasome,444,1,516,1188
bio_diseasome,445,1,516,1188
bio_diseasome,446,1,516,1188
bio_diseasome,447,1,516,1188
bio_diseasome,448,1,516,1188
bio_diseasome,449,1,516,1188
bio_diseasome,450,1,516,1188
bio_diseasome,451,1,516,1188
bio_diseasome,452,1,516,1188
bio_diseasome,453,1,516,1188
bio_diseasome,454,1,516,1188
bio_diseasome,455,1,516,1188
bio_diseasome,456,1,516,1188
bio_diseasome,457,1,516,1188
bio_diseasome,458,1,516,1188
bio_diseasome,459,1,516,1188
bio_diseasome,460,1,516,1188
bio_diseasome,461,1,516,1188
bio_diseasome,462,1,516,1188
bio_diseasome,463,1,516,1188
bio_diseasome,464,1,516,1188
bio_diseasome,465,1,516,1188
bio_diseasome,466,1,516,1188
bio_diseasome,467,1,516,1188
bio_diseasome,468,1,516,1188
bio_diseasome,469,1,516,1188
bio_diseasome,470,1,516,1188
bio_diseasome,471,1,516,1188
bio_diseasome,472,1,516,1188
bio_diseasome,473,1,516,1188
bio_diseasome,474,1,516,1188
bio_diseasome,475,1,516,1188
bio_diseasome,476,1,516,1188
bio_diseasome,477,1,516,1188
bio_diseasome,478,1,516,1188
bio_diseasome,479,1,516,1188
bio_diseasome,480,1,516,1188
bio_diseasome,481,1,516,1188
bio_diseasome,482,1,516,1188
bio_diseasome,483,1,516,1188
bio_diseasome,484,1,516,1188
bio_diseasome,485,1,516,1188
bio_diseasome,486,1,516,1188
bio_diseasome,487,1,516,1188
bio_diseasome,488,1,516,1188
bio_diseasome,489,1,516,1188
bio_diseasome,490,1,516,1188
bio_diseasome,491,1,516,1188
bio_diseasome,492,1,516,1188
bio_diseasome,493,1,516,1188
bio_diseasome,494,1,516,1188
bio_diseasome,495,1,516,1188
bio_diseasome,496,1,516,1188
bio_diseasome,497,1,516,1188
bio_diseasome,498,1,516,1188
bio_diseasome,499,1,516,1188
bio_diseasome,500,1,516,1188
bio_diseasome,501,1,516,1188
bio_diseasome,502,1,516,1188
bio_diseasome,503,1,516,1188
bio_diseasome,504,1,516,1188
bio_diseasome,505,1,516,1188
bio_diseasome,506,1,516,1188
bio_diseasome,507,1,516,1188
bio_diseasome,508,1,516,1188
bio_diseasome,509,1,516,1188
bio_diseasome,510,1,516,1188
bio_diseasome,511,1,516,1188
bio_diseasome,512,1,516,1188
bio_diseasome,513,1,516,1188
bio_diseasome,514,1,516,1188
bio_diseasome,515,1,516,1188
bio_diseasome,516,1,516,1188
inf_USAir97,1,139,332,2126
inf_USAir97,2,118,332,2126
inf_USAir97,3,101,332,2126
inf_USAir97,4,94,332,2126
inf_USAir97,5,94,332,2126
inf_USAir97,6,87,332,2126
inf_USAir97,7,85,332,2126
inf_USAir97,8,78,332,2126
inf_USAir97,9,70,332,2126
inf_USAir97,10,68,332,2126
inf_USAir97,11,67,332,2126
inf_USAir97,12,62,332,2126
inf_USAir97,13,62,332,2126
inf_USAir97,14,61,332,2126
inf_USAir97,15,60,332,2126
inf_USAir97,16,59,332,2126
inf_USAir97,17,59,332,2126
inf_USAir97,18,57,332,2126
inf_USAir97,19,56,332,2126
inf_USAir97,20,56,332,2126
inf_USAir97,21,53,332,2126
inf_USAir97,22,50,332,2126
inf_USAir97,23,50,332,2126
inf_USAir97,24,50,332,2126
inf_USAir97,25,49,332,2126
inf_USAir97,26,48,332,2126
inf_USAir97,27,47,332,2126
inf_USAir97,28,46,332,2126
inf_USAir97,29,45,332,2126
inf_USAir97,30,44,332,2126
inf_USAir97,31,42,332,2126
inf_USAir97,32,42,332,2126
inf_USAir97,33,41,332,2126
inf_USAir97,34,41,332,2126
inf_USAir97,35,36,332,2126
inf_USAir97,36,35,332,2126
inf_USAir97,37,34,332,2126
inf_USAir97,38,34,332,2126
inf_USAir97,39,33,332,2126
inf_USAir97,40,29,332,2126
inf_USAir97,41,29,332,2126
inf_USAir97,42,29,332,2126
inf_USAir97,43,29,332,2126
inf_USAir97,44,28,332,2126
inf_USAir97,45,27,332,2126
inf_USAir97,46,27,332,2126
inf_USAir97,47,26,332,2126
inf_USAir97,48,26,332,2126
inf_USAir97,49,24,332,2126
inf_USAir97,50,23,332,2126
inf_USAir97,51,23,332,2126
inf_USAir97,52,23,332,2126
inf_USAir97,53,22,332,2126
inf_USAir97,54,22,332,2126
inf_USAir97,55,22,332,2126
inf_USAir97,56,21,332,2126
inf_USAir97,57,20,332,2126
inf_USAir97,58,20,332,2126
inf_USAir97,59,19,332,2126
inf_USAir97,60,19,332,2126
inf_USAir97,61,19,332,2126
inf_USAir97,62,19,332,2126
inf_USAir97,63,19,332,2126
inf_USAir97,64,18,332,2126
inf_USAir97,65,18,332,2126
inf_USAir97,66,18,332,2126
inf_USAir97,67,18,332,2126
inf_USAir97,68,17,332,2126
inf_USAir97,69,17,332,2126
inf_USAir97,70,17,332,2126
inf_USAir97,71,17,332,2126
inf_USAir97,72,17,332,2126
inf_USAir97,73,16,332,2126
inf_USAir97,74,16,332,2126
inf_USAir97,75,15,332,2126
inf_USAir97,76,15,332,2126
inf_USAir97,77,15,332,2126
inf_USAir97,78,15,332,2126
inf_USAir97,79,14,332,2126
inf_USAir97,80,14,332,2126
inf_USAir97,81,14,332,2126
inf_USAir97,82,14,332,2126
inf_USAir97,83,13,332,2126
inf_USAir97,84,13,332,2126
inf_USAir97,85,13,332,2126
inf_USAir97,86,12,332,2126
inf_USAir97,87,11,332,2126
inf_USAir97,88,11,332,2126
inf_USAir97,89,10,332,2126
inf_USAir97,90,10,332,2126
inf_USAir97,91,10,332,2126
inf_USAir97,92,10,332,2126
inf_USAir97,93,10,332,2126
inf_USAir97,94,10,332,2126
inf_USAir97,95,10,332,2126
inf_USAir97,96,10,332,2126
inf_USAir97,97,10,332,2126
inf_USAir97,98,10,332,2126
inf_USAir97,99,10,332,2126
inf_USAir97,100,9,332,2126
inf_USAir97,101,9,332,2126
inf_USAir97,102,9,332,2126
inf_USAir97,103,9,332,2126
inf_USAir97,104,9,332,2126
inf_USAir97,105,9,332,2126
inf_USAir97,106,9,332,2126
inf_USAir97,107,9,332,2126
inf_USAir97,108,9,332,2126
inf_USAir97,109,9,332,2126
inf_USAir97,110,9,332,2126
inf_USAir97,111,9,332,2126
inf_USAir97,112,9,332,2126
inf_USAir97,113,8,332,2126
inf_USAir97,114,8,332,2126
inf_USAir97,115,8,332,2126
inf_USAir97,116,8,332,2126
inf_USAir97,117,8,332,2126
inf_USAir97,118,8,332,2126
inf_USAir97,119,8,332,2126
inf_USAir97,120,8,332,2126
inf_USAir97,121,8,332,2126
inf_USAir97,122,8,332,2126
inf_USAir97,123,8,332,2126
inf_USAir97,124,8,332,2126
inf_USAir97,125,7,332,2126
inf_USAir97,126,7,332,2126
inf_USAir97,127,7,332,2126
inf_USAir97,128,7,332,2126
inf_USAir97,129,7,332,2126
inf_USAir97,130,7,332,2126
inf_USAir97,131,7,332,2126
inf_USAir97,132,7,332,2126
inf_USAir97,133,7,332,2126
inf_USAir97,134,7,332,2126
inf_USAir97,135,7,332,2126
inf_USAir97,136,7,332,2126
inf_USAir97,137,7,332,2126
inf_USAir97,138,7,332,2126
inf_USAir97,139,7,332,2126
inf_USAir97,140,6,332,2126
inf_USAir97,141,6,332,2126
inf_USAir97,142,6,332,2126
inf_USAir97,143,6,332,2126
inf_USAir97,144,6,332,2126
inf_USAir97,145,6,332,2126
inf_USAir97,146,6,332,2126
inf_USAir97,147,6,332,2126
inf_USAir97,148,6,332,2126
inf_USAir97,149,6,332,2126
inf_USAir97,150,6,332,2126
inf_USAir97,151,6,332,2126
inf_USAir97,152,6,332,2126
inf_USAir97,153,6,332,2126
inf_USAir97,154,6,332,2126
inf_USAir97,155,5,332,2126
inf_USAir97,156,5,332,2126
inf_USAir97,157,5,332,2126
inf_USAir97,158,5,332,2126
inf_USAir97,159,5,332,2126
inf_USAir97,160,5,332,2126
inf_USAir97,161,5,332,2126
inf_USAir97,162,5,332,2126
inf_USAir97,163,5,332,2126
inf_USAir97,164,5,332,2126
inf_USAir97,165,5,332,2126
inf_USAir97,166,5,332,2126
inf_USAir97,167,5,332,2126
inf_USAir97,168,5,332,2126
inf_USAir97,169,4,332,2126
inf_USAir97,170,4,332,2126
inf_USAir97,171,4,332,2126
inf_USAir97,172,4,332,2126
inf_USAir97,173,4,332,2126
inf_USAir97,174,4,332,2126
inf_USAir97,175,4,332,2126
inf_USAir97,176,4,332,2126
inf_USAir97,177,4,332,2126
inf_USAir97,178,4,332,2126
inf_USAir97,179,4,332,2126
inf_USAir97,180,4,332,2126
inf_USAir97,181,4,332,2126
inf_USAir97,182,4,332,2126
inf_USAir97,183,4,332,2126
inf_USAir97,184,4,332,2126
inf_USAir97,185,4,332,2126
inf_USAir97,186,4,332,2126
inf_USAir97,187,4,332,2126
inf_USAir97,188,4,332,2126
inf_USAir97,189,4,332,2126
inf_USAir97,190,4,332,2126
inf_USAir97,191,4,332,2126
inf_USAir97,192,4,332,2126
inf_USAir97,193,4,332,2126
inf_USAir97,194,4,332,2126
inf_USAir97,195,4,332,2126
inf_USAir97,196,4,332,2126
inf_USAir97,197,3,332,2126
inf_USAir97,198,3,332,2126
inf_USAir97,199,3,332,2126
inf_USAir97,200,3,332,2126
inf_USAir97,201,3,332,2126
inf_USAir97,202,3,332,2126
inf_USAir97,203,3,332,2126
inf_USAir97,204,3,332,2126
inf_USAir97,205,3,332,2126
inf_USAir97,206,3,332,2126
inf_USAir97,207,3,332,2126
inf_USAir97,208,3,332,2126
inf_USAir97,209,3,332,2126
inf_USAir97,210,3,332,2126
inf_USAir97,211,3,332,2126
inf_USAir97,212,3,332,2126
inf_USAir97,213,3,332,2126
inf_USAir97,214,3,332,2126
inf_USAir97,215,3,332,2126
inf_USAir97,216,3,332,2126
inf_USAir97,217,3,332,2126
inf_USAir97,218,3,332,2126
inf_USAir97,219,3,332,2126
inf_USAir97,220,3,332,2126
inf_USAir97,221,3,332,2126
inf_USAir97,222,3,332,2126
inf_USAir97,223,3,332,2126
inf_USAir97,224,3,332,2126
inf_USAir97,225,3,332,2126
inf_USAir97,226,3,332,2126
inf_USAir97,227,3,332,2126
inf_USAir97,228,3,332,2126
inf_USAir97,229,3,332,2126
inf_USAir97,230,3,332,2126
inf_USAir97,231,3,332,2126
inf_USAir97,232,3,332,2126
inf_USAir97,233,3,332,2126
inf_USAir97,234,3,332,2126
inf_USAir97,235,3,332,2126
inf_USAir97,236,2,332,2126
inf_USAir97,237,2,332,2126
inf_USAir97,238,2,332,2126
inf_USAir97,239,2,332,2126
inf_USAir97,240,2,332,2126
inf_USAir97,241,2,332,2126
inf_USAir97,242,2,332,2126
inf_USAir97,243,2,332,2126
inf_USAir97,244,2,332,2126
inf_USAir97,245,2,332,2126
inf_USAir97,246,2,332,2126
inf_USAir97,247,2,332,2126
inf_USAir97,248,2,332,2126
inf_USAir97,249,2,332,2126
inf_USAir97,250,2,332,2126
inf_USAir97,251,2,332,2126
inf_USAir97,252,2,332,2126
inf_USAir97,253,2,332,2126
inf_USAir97,254,2,332,2126
inf_USAir97,255,2,332,2126
inf_USAir97,256,2,332,2126
inf_USAir97,257,2,332,2126
inf_USAir97,258,2,332,2126
inf_USAir97,259,2,332,2126
inf_USAir97,260,2,332,2126
inf_USAir97,261,2,332,2126
inf_USAir97,262,2,332,2126
inf_USAir97,263,2,332,2126
inf_USAir97,264,2,332,2126
inf_USAir97,265,2,332,2126
inf_USAir97,266,2,332,2126
inf_USAir97,267,2,332,2126
inf_USAir97,268,2,332,2126
inf_USAir97,269,2,332,2126
inf_USAir97,270,2,332,2126
inf_USAir97,271,2,332,2126
inf_USAir97,272,2,332,2126
inf_USAir97,273,2,332,2126
inf_USAir97,274,2,332,2126
inf_USAir97,275,2,332,2126
inf_USAir97,276,2,332,2126
inf_USAir97,277,2,332,2126
inf_USAir97,278,1,332,2126
inf_USAir97,279,1,332,2126
inf_USAir97,280,1,332,2126
inf_USAir97,281,1,332,2126
inf_USAir97,282,1,332,2126
inf_USAir97,283,1,332,2126
inf_USAir97,284,1,332,2126
inf_USAir97,285,1,332,2126
inf_USAir97,286,1,332,2126
inf_USAir97,287,1,332,2126
inf_USAir97,288,1,332,2126
inf_USAir97,289,1,332,2126
inf_USAir97,290,1,332,2126
inf_USAir97,291,1,332,2126
inf_USAir97,292,1,332,2126
inf_USAir97,293,1,332,2126
inf_USAir97,294,1,332,2126
inf_USAir97,295,1,332,2126
inf_USAir97,296,1,332,2126
inf_USAir97,297,1,332,2126
inf_USAir97,298,1,332,2126
inf_USAir97,299,1,332,2126
inf_USAir97,300,1,332,2126
inf_USAir97,301,1,332,2126
inf_USAir97,302,1,332,2126
inf_USAir97,303,1,332,2126
inf_USAir97,304,1,332,2126
inf_USAir97,305,1,332,2126
inf_USAir97,306,1,332,2126
inf_USAir97,307,1,332,2126
inf_USAir97,308,1,332,2126
inf_USAir97,309,1,332,2126
inf_USAir97,310,1,332,2126
inf_USAir97,311,1,332,2126
inf_USAir97,312,1,332,2126
inf_USAir97,313,1,332,2126
inf_USAir97,314,1,332,2126
inf_USAir97,315,1,332,2126
inf_USAir97,316,1,332,2126
inf_USAir97,317,1,332,2126
inf_USAir97,318,1,332,2126
inf_USAir97,319,1,332,2126
inf_USAir97,320,1,332,2126
inf_USAir97,321,1,332,2126
inf_USAir97,322,1,332,2126
inf_USAir97,323,1,332,2126
inf_USAir97,324,1,332,2126
inf_USAir97,325,1,332,2126
inf_USAir97,326,1,332,2126
inf_USAir97,327,1,332,2126
inf_USAir97,328,1,332,2126
inf_USAir97,329,1,332,2126
inf_USAir97,330,1,332,2126
inf_USAir97,331,1,332,2126
inf_USAir97,332,1,332,2126
