dataset_group,graph_id,method,normalized_auc,ranking_checkpoint_count,runtime_seconds,seed,source_budget,source_step_count,status
synthetic45,synthetic_test_034,SASB-N-structured,0.25,5,0.9561088999999998,20260513,64,105,finished
synthetic45,synthetic_test_034,SASB-N-structured,0.2571428571428572,5,0.9246624999999997,20260514,64,105,finished
synthetic45,synthetic_test_034,SASB-N-structured,0.2499084249084249,5,0.9018161999999998,20260515,64,105,finished
synthetic45,synthetic_test_034,SASB-N-structured,0.25256410256410255,5,0.8988211000000002,20260516,64,105,finished
synthetic45,synthetic_test_034,SASB-N-structured,0.25274725274725274,5,0.8993884999999997,20260517,64,105,finished
synthetic45,synthetic_test_034,SASB-N-random-source,0.2570512820512821,5,0.9175718000000002,20260513,64,105,finished
synthetic45,synthetic_test_034,SASB-N-random-source,0.253021978021978,5,0.9508276999999996,20260514,64,105,finished
synthetic45,synthetic_test_034,SASB-N-random-source,0.25732600732600736,5,0.9244374000000004,20260515,64,105,finished
synthetic45,synthetic_test_034,SASB-N-random-source,0.2525641025641026,5,0.8896063000000005,20260516,64,105,finished
synthetic45,synthetic_test_034,SASB-N-random-source,0.2518315018315018,5,0.8934207000000001,20260517,64,105,finished
synthetic45,synthetic_test_034,SASB-N-degree-source,0.2526556776556777,5,0.8949866000000011,20260513,64,105,finished
synthetic45,synthetic_test_034,SASB-N-degree-source,0.2526556776556777,5,0.9027318999999991,20260514,64,105,finished
synthetic45,synthetic_test_034,SASB-N-degree-source,0.2526556776556777,5,0.9010128000000002,20260515,64,105,finished
synthetic45,synthetic_test_034,SASB-N-degree-source,0.2526556776556777,5,0.8740271000000011,20260516,64,105,finished
synthetic45,synthetic_test_034,SASB-N-degree-source,0.2526556776556777,5,0.9011434999999981,20260517,64,105,finished
synthetic45,synthetic_test_034,SASB-N-frozen-source,0.25485347985347984,5,0.8299025000000029,20260513,64,105,finished
synthetic45,synthetic_test_034,SASB-N-frozen-source,0.2562271062271062,5,0.8325032000000014,20260514,64,105,finished
synthetic45,synthetic_test_034,SASB-N-frozen-source,0.25732600732600736,5,0.8307669000000004,20260515,64,105,finished
synthetic45,synthetic_test_034,SASB-N-frozen-source,0.25851648351648354,5,0.8221670999999979,20260516,64,105,finished
synthetic45,synthetic_test_034,SASB-N-frozen-source,0.25274725274725274,5,0.8554890999999998,20260517,64,105,finished
synthetic45,synthetic_test_032,SASB-N-structured,0.19662441247685508,5,0.8902388999999999,20260513,64,119,finished
synthetic45,synthetic_test_032,SASB-N-structured,0.19648198262355787,5,0.8814264999999999,20260514,64,119,finished
synthetic45,synthetic_test_032,SASB-N-structured,0.19669562740350371,5,0.8804522999999982,20260515,64,119,finished
synthetic45,synthetic_test_032,SASB-N-structured,0.19662441247685508,5,0.8636468999999991,20260516,64,119,finished
synthetic45,synthetic_test_032,SASB-N-structured,0.19648198262355787,5,0.8798722000000012,20260517,64,119,finished
synthetic45,synthetic_test_032,SASB-N-random-source,0.19990029910269186,5,0.8721877000000013,20260513,64,119,finished
synthetic45,synthetic_test_032,SASB-N-random-source,0.20509898874804156,5,0.9199956,20260514,64,119,finished
synthetic45,synthetic_test_032,SASB-N-random-source,0.19698048711009822,5,0.8863413999999992,20260515,64,119,finished
synthetic45,synthetic_test_032,SASB-N-random-source,0.19477282438399082,5,0.8615481000000003,20260516,64,119,finished
synthetic45,synthetic_test_032,SASB-N-random-source,0.19698048711009822,5,0.8737919999999981,20260517,64,119,finished
synthetic45,synthetic_test_032,SASB-N-degree-source,0.19648198262355787,5,0.8571330999999986,20260513,64,119,finished
synthetic45,synthetic_test_032,SASB-N-degree-source,0.19648198262355787,5,0.8727292999999996,20260514,64,119,finished
synthetic45,synthetic_test_032,SASB-N-degree-source,0.19648198262355787,5,0.8698652000000031,20260515,64,119,finished
synthetic45,synthetic_test_032,SASB-N-degree-source,0.19648198262355787,5,0.8537906999999976,20260516,64,119,finished
synthetic45,synthetic_test_032,SASB-N-degree-source,0.19648198262355787,5,0.8533246000000005,20260517,64,119,finished
synthetic45,synthetic_test_032,SASB-N-frozen-source,0.1957698333570716,5,0.790524099999999,20260513,64,119,finished
synthetic45,synthetic_test_032,SASB-N-frozen-source,0.1964107676969092,5,0.8070570000000004,20260514,64,119,finished
synthetic45,synthetic_test_032,SASB-N-frozen-source,0.19569861843042297,5,0.7804299999999955,20260515,64,119,finished
synthetic45,synthetic_test_032,SASB-N-frozen-source,0.1952713288705312,5,0.7753563999999997,20260516,64,119,finished
synthetic45,synthetic_test_032,SASB-N-frozen-source,0.19619712291696337,5,0.7739145999999977,20260517,64,119,finished
synthetic45,synthetic_test_004,SASB-N-structured,0.11561799850634809,5,0.37816589999999994,20260513,64,104,finished
synthetic45,synthetic_test_004,SASB-N-structured,0.11561799850634809,5,0.3624927000000002,20260514,64,104,finished
synthetic45,synthetic_test_004,SASB-N-structured,0.11561799850634809,5,0.3592964999999997,20260515,64,104,finished
synthetic45,synthetic_test_004,SASB-N-structured,0.11561799850634809,5,0.35821999999999976,20260516,64,104,finished
synthetic45,synthetic_test_004,SASB-N-structured,0.11561799850634809,5,0.36331700000000033,20260517,64,104,finished
synthetic45,synthetic_test_004,SASB-N-random-source,0.11393764002987308,5,0.3478190999999997,20260513,64,104,finished
synthetic45,synthetic_test_004,SASB-N-random-source,0.11561799850634809,5,0.34562830000000044,20260514,64,104,finished
synthetic45,synthetic_test_004,SASB-N-random-source,0.11375093353248698,5,0.3470840000000006,20260515,64,104,finished
synthetic45,synthetic_test_004,SASB-N-random-source,0.11347087378640783,5,0.3424588000000002,20260516,64,104,finished
synthetic45,synthetic_test_004,SASB-N-random-source,0.11580470500373419,5,0.34457990000000027,20260517,64,104,finished
synthetic45,synthetic_test_004,SASB-N-degree-source,0.11561799850634809,5,0.38415029999999994,20260513,64,104,finished
synthetic45,synthetic_test_004,SASB-N-degree-source,0.11561799850634809,5,0.3497729999999999,20260514,64,104,finished
synthetic45,synthetic_test_004,SASB-N-degree-source,0.11561799850634809,5,0.34522309999999923,20260515,64,104,finished
synthetic45,synthetic_test_004,SASB-N-degree-source,0.11561799850634809,5,0.34279729999999997,20260516,64,104,finished
synthetic45,synthetic_test_004,SASB-N-degree-source,0.11561799850634809,5,0.34437300000000004,20260517,64,104,finished
synthetic45,synthetic_test_004,SASB-N-frozen-source,0.11813853622106056,5,0.3313997999999998,20260513,64,104,finished
synthetic45,synthetic_test_004,SASB-N-frozen-source,0.11571135175504113,5,0.31495410000000135,20260514,64,104,finished
synthetic45,synthetic_test_004,SASB-N-frozen-source,0.11832524271844666,5,0.3271242000000001,20260515,64,104,finished
synthetic45,synthetic_test_004,SASB-N-frozen-source,0.11571135175504113,5,0.3131906999999998,20260516,64,104,finished
synthetic45,synthetic_test_004,SASB-N-frozen-source,0.11431105302464531,5,0.3184117999999998,20260517,64,104,finished
synthetic45,synthetic_test_006,SASB-N-structured,0.1367924528301887,5,0.4522990999999994,20260513,64,106,finished
synthetic45,synthetic_test_006,SASB-N-structured,0.1367924528301887,5,0.45412619999999926,20260514,64,106,finished
synthetic45,synthetic_test_006,SASB-N-structured,0.1367924528301887,5,0.4529101000000004,20260515,64,106,finished
synthetic45,synthetic_test_006,SASB-N-structured,0.1367924528301887,5,0.45216090000000086,20260516,64,106,finished
synthetic45,synthetic_test_006,SASB-N-structured,0.1367924528301887,5,0.45143859999999947,20260517,64,106,finished
synthetic45,synthetic_test_006,SASB-N-random-source,0.13059299191374665,5,0.4542649999999995,20260513,64,106,finished
synthetic45,synthetic_test_006,SASB-N-random-source,0.13409703504043127,5,0.44410859999999985,20260514,64,106,finished
synthetic45,synthetic_test_006,SASB-N-random-source,0.12367475292003595,5,0.38738260000000047,20260515,64,106,finished
synthetic45,synthetic_test_006,SASB-N-random-source,0.13409703504043127,5,0.4253867999999983,20260516,64,106,finished
synthetic45,synthetic_test_006,SASB-N-random-source,0.13373764600179697,5,0.42721760000000053,20260517,64,106,finished
synthetic45,synthetic_test_006,SASB-N-degree-source,0.13373764600179697,5,0.4320699000000001,20260513,64,106,finished
synthetic45,synthetic_test_006,SASB-N-degree-source,0.13373764600179697,5,0.42446560000000133,20260514,64,106,finished
synthetic45,synthetic_test_006,SASB-N-degree-source,0.13373764600179697,5,0.42597210000000096,20260515,64,106,finished
synthetic45,synthetic_test_006,SASB-N-degree-source,0.13373764600179697,5,0.4411543999999985,20260516,64,106,finished
synthetic45,synthetic_test_006,SASB-N-degree-source,0.13373764600179697,5,0.42847719999999967,20260517,64,106,finished
synthetic45,synthetic_test_006,SASB-N-frozen-source,0.1349056603773585,5,0.4041767000000007,20260513,64,106,finished
synthetic45,synthetic_test_006,SASB-N-frozen-source,0.1349056603773585,5,0.4042794999999977,20260514,64,106,finished
synthetic45,synthetic_test_006,SASB-N-frozen-source,0.1349056603773585,5,0.40634569999999925,20260515,64,106,finished
synthetic45,synthetic_test_006,SASB-N-frozen-source,0.1349056603773585,5,0.40059169999999966,20260516,64,106,finished
synthetic45,synthetic_test_006,SASB-N-frozen-source,0.1349056603773585,5,0.39906159999999957,20260517,64,106,finished
synthetic45,synthetic_test_038,SASB-N-structured,0.36752683935782526,5,2.8645114000000014,20260513,64,143,finished
synthetic45,synthetic_test_038,SASB-N-structured,0.36550773170491474,5,2.8096891,20260514,64,143,finished
synthetic45,synthetic_test_038,SASB-N-structured,0.3713188220230474,5,2.8082449999999994,20260515,64,143,finished
synthetic45,synthetic_test_038,SASB-N-structured,0.36954594701073573,5,2.863426699999998,20260516,64,143,finished
synthetic45,synthetic_test_038,SASB-N-structured,0.3685610164483404,5,2.793624300000001,20260517,64,143,finished
synthetic45,synthetic_test_038,SASB-N-random-source,0.362503693489609,5,2.7402133000000006,20260513,64,143,finished
synthetic45,synthetic_test_038,SASB-N-random-source,0.35974588791490203,5,2.753376799999998,20260514,64,143,finished
synthetic45,synthetic_test_038,SASB-N-random-source,0.3408352211169113,5,2.674853899999995,20260515,64,143,finished
synthetic45,synthetic_test_038,SASB-N-random-source,0.3532453462030926,5,2.6793872000000007,20260516,64,143,finished
synthetic45,synthetic_test_038,SASB-N-random-source,0.35235890869693687,5,2.7189762,20260517,64,143,finished
synthetic45,synthetic_test_038,SASB-N-degree-source,0.3739781345415148,5,2.8057044999999974,20260513,64,143,finished
synthetic45,synthetic_test_038,SASB-N-degree-source,0.3739781345415148,5,2.783887500000006,20260514,64,143,finished
synthetic45,synthetic_test_038,SASB-N-degree-source,0.3739781345415148,5,2.825659100000003,20260515,64,143,finished
synthetic45,synthetic_test_038,SASB-N-degree-source,0.3739781345415148,5,2.7596761,20260516,64,143,finished
synthetic45,synthetic_test_038,SASB-N-degree-source,0.3739781345415148,5,2.8079956999999993,20260517,64,143,finished
synthetic45,synthetic_test_038,SASB-N-frozen-source,0.3687087560326997,5,2.4949619,20260513,64,143,finished
synthetic45,synthetic_test_038,SASB-N-frozen-source,0.37383039495715553,5,2.4812899,20260514,64,143,finished
synthetic45,synthetic_test_038,SASB-N-frozen-source,0.3628976657145672,5,2.3626583000000068,20260515,64,143,finished
synthetic45,synthetic_test_038,SASB-N-frozen-source,0.36457204767063917,5,2.430886099999995,20260516,64,143,finished
synthetic45,synthetic_test_038,SASB-N-frozen-source,0.37176204077612524,5,2.452045400000003,20260517,64,143,finished
synthetic45,synthetic_test_041,SASB-N-structured,0.3347777467151244,5,2.579289700000004,20260513,64,147,finished
synthetic45,synthetic_test_041,SASB-N-structured,0.3339856490541422,5,2.6531670000000105,20260514,64,147,finished
synthetic45,synthetic_test_041,SASB-N-structured,0.3421861895443109,5,2.6073749999999905,20260515,64,147,finished
synthetic45,synthetic_test_041,SASB-N-structured,0.3358494082564533,5,2.7779033999999996,20260516,64,147,finished
synthetic45,synthetic_test_041,SASB-N-structured,0.3386450470599199,5,2.6631188000000066,20260517,64,147,finished
synthetic45,synthetic_test_041,SASB-N-random-source,0.3288603112477868,5,2.605983100000003,20260513,64,147,finished
synthetic45,synthetic_test_041,SASB-N-random-source,0.32485322896281804,5,2.716797299999996,20260514,64,147,finished
synthetic45,synthetic_test_041,SASB-N-random-source,0.3313297921908489,5,2.7463578000000126,20260515,64,147,finished
synthetic45,synthetic_test_041,SASB-N-random-source,0.3273227099058802,5,2.7703846,20260516,64,147,finished
synthetic45,synthetic_test_041,SASB-N-random-source,0.3298853788090578,5,2.6877877000000012,20260517,64,147,finished
synthetic45,synthetic_test_041,SASB-N-degree-source,0.3381325132792844,5,2.6283631000000014,20260513,64,147,finished
synthetic45,synthetic_test_041,SASB-N-degree-source,0.3381325132792844,5,2.778593900000004,20260514,64,147,finished
synthetic45,synthetic_test_041,SASB-N-degree-source,0.3381325132792844,5,2.720377499999998,20260515,64,147,finished
synthetic45,synthetic_test_041,SASB-N-degree-source,0.3381325132792844,5,2.6796827000000008,20260516,64,147,finished
synthetic45,synthetic_test_041,SASB-N-degree-source,0.3381325132792844,5,2.765012900000002,20260517,64,147,finished
synthetic45,synthetic_test_041,SASB-N-frozen-source,0.3431646631255242,5,2.428509399999996,20260513,64,147,finished
synthetic45,synthetic_test_041,SASB-N-frozen-source,0.3322616717920045,5,2.46963190000001,20260514,64,147,finished
synthetic45,synthetic_test_041,SASB-N-frozen-source,0.3467989935700308,5,2.4901509000000033,20260515,64,147,finished
synthetic45,synthetic_test_041,SASB-N-frozen-source,0.33999627248159536,5,2.4479967999999985,20260516,64,147,finished
synthetic45,synthetic_test_041,SASB-N-frozen-source,0.34144068586338644,5,2.638054800000006,20260517,64,147,finished
synthetic45,synthetic_test_043,SASB-N-structured,0.24698275862068966,5,2.797668300000012,20260513,64,145,finished
synthetic45,synthetic_test_043,SASB-N-structured,0.25933908045977017,5,2.369464899999997,20260514,64,145,finished
synthetic45,synthetic_test_043,SASB-N-structured,0.24276819923371648,5,2.7986617999999908,20260515,64,145,finished
synthetic45,synthetic_test_043,SASB-N-structured,0.24736590038314177,5,2.1633639000000073,20260516,64,145,finished
synthetic45,synthetic_test_043,SASB-N-structured,0.2471743295019157,5,1.7307815000000062,20260517,64,145,finished
synthetic45,synthetic_test_043,SASB-N-random-source,0.2558429118773946,5,1.8809042000000034,20260513,64,145,finished
synthetic45,synthetic_test_043,SASB-N-random-source,0.2522988505747127,5,1.911908100000005,20260514,64,145,finished
synthetic45,synthetic_test_043,SASB-N-random-source,0.24645593869731802,5,1.858934999999974,20260515,64,145,finished
synthetic45,synthetic_test_043,SASB-N-random-source,0.2534961685823755,5,1.773392599999994,20260516,64,145,finished
synthetic45,synthetic_test_043,SASB-N-random-source,0.26048850574712645,5,1.7947272000000112,20260517,64,145,finished
synthetic45,synthetic_test_043,SASB-N-degree-source,0.25866858237547896,5,1.791449,20260513,64,145,finished
synthetic45,synthetic_test_043,SASB-N-degree-source,0.25866858237547896,5,1.8797901000000081,20260514,64,145,finished
synthetic45,synthetic_test_043,SASB-N-degree-source,0.25866858237547896,5,1.879909600000019,20260515,64,145,finished
synthetic45,synthetic_test_043,SASB-N-degree-source,0.25866858237547896,5,1.9645178999999757,20260516,64,145,finished
synthetic45,synthetic_test_043,SASB-N-degree-source,0.25866858237547896,5,1.8690861999999981,20260517,64,145,finished
synthetic45,synthetic_test_043,SASB-N-frozen-source,0.24267241379310345,5,1.512124,20260513,64,145,finished
synthetic45,synthetic_test_043,SASB-N-frozen-source,0.24286398467432949,5,1.7458541000000025,20260514,64,145,finished
synthetic45,synthetic_test_043,SASB-N-frozen-source,0.24942528735632183,5,1.5358956999999975,20260515,64,145,finished
synthetic45,synthetic_test_043,SASB-N-frozen-source,0.24166666666666667,5,1.4943053999999734,20260516,64,145,finished
synthetic45,synthetic_test_043,SASB-N-frozen-source,0.24248084291187738,5,1.5379094999999836,20260517,64,145,finished
synthetic45,synthetic_test_013,SASB-N-structured,0.12263535551206785,5,0.7417803000000163,20260513,64,147,finished
synthetic45,synthetic_test_013,SASB-N-structured,0.12263535551206785,5,0.7468706999999881,20260514,64,147,finished
synthetic45,synthetic_test_013,SASB-N-structured,0.12216941571149006,5,0.7250760000000014,20260515,64,147,finished
synthetic45,synthetic_test_013,SASB-N-structured,0.12263535551206785,5,0.7577654000000109,20260516,64,147,finished
synthetic45,synthetic_test_013,SASB-N-structured,0.12263535551206785,5,0.7571468000000152,20260517,64,147,finished
synthetic45,synthetic_test_013,SASB-N-random-source,0.13395769266610752,5,0.9636559999999861,20260513,64,147,finished
synthetic45,synthetic_test_013,SASB-N-random-source,0.1269220016773833,5,0.8510148999999956,20260514,64,147,finished
synthetic45,synthetic_test_013,SASB-N-random-source,0.12654924983692106,5,0.922683400000011,20260515,64,147,finished
synthetic45,synthetic_test_013,SASB-N-random-source,0.12263535551206785,5,0.8268912000000057,20260516,64,147,finished
synthetic45,synthetic_test_013,SASB-N-random-source,0.12263535551206785,5,0.7485181999999782,20260517,64,147,finished
synthetic45,synthetic_test_013,SASB-N-degree-source,0.13018358028142762,5,0.8151563000000124,20260513,64,147,finished
synthetic45,synthetic_test_013,SASB-N-degree-source,0.13018358028142762,5,0.7933304000000021,20260514,64,147,finished
synthetic45,synthetic_test_013,SASB-N-degree-source,0.13018358028142762,5,0.8585554000000002,20260515,64,147,finished
synthetic45,synthetic_test_013,SASB-N-degree-source,0.13018358028142762,5,0.9554736999999989,20260516,64,147,finished
synthetic45,synthetic_test_013,SASB-N-degree-source,0.13018358028142762,5,0.8446313000000032,20260517,64,147,finished
synthetic45,synthetic_test_013,SASB-N-frozen-source,0.1219364458112012,5,0.7716143999999758,20260513,64,147,finished
synthetic45,synthetic_test_013,SASB-N-frozen-source,0.12305470133258782,5,0.6916115999999874,20260514,64,147,finished
synthetic45,synthetic_test_013,SASB-N-frozen-source,0.12338085919299226,5,0.9152528999999845,20260515,64,147,finished
synthetic45,synthetic_test_013,SASB-N-frozen-source,0.12347404715310781,5,0.7289775000000134,20260516,64,147,finished
synthetic45,synthetic_test_013,SASB-N-frozen-source,0.12310129531264559,5,0.6602106999999933,20260517,64,147,finished
synthetic45,synthetic_test_022,SASB-N-structured,0.37251243781094523,5,7.04222390000001,20260513,64,201,finished
synthetic45,synthetic_test_022,SASB-N-structured,0.37310945273631835,5,6.3029607,20260514,64,201,finished
synthetic45,synthetic_test_022,SASB-N-structured,0.3773880597014926,5,6.526476000000002,20260515,64,201,finished
synthetic45,synthetic_test_022,SASB-N-structured,0.37191542288557217,5,6.304155999999978,20260516,64,201,finished
synthetic45,synthetic_test_022,SASB-N-structured,0.3703980099502488,5,6.321030300000018,20260517,64,201,finished
synthetic45,synthetic_test_022,SASB-N-random-source,0.36417910447761187,5,6.23438010000001,20260513,64,201,finished
synthetic45,synthetic_test_022,SASB-N-random-source,0.3676616915422886,5,6.117035999999985,20260514,64,201,finished
synthetic45,synthetic_test_022,SASB-N-random-source,0.36241293532338315,5,6.029242499999981,20260515,64,201,finished
synthetic45,synthetic_test_022,SASB-N-random-source,0.36104477611940294,5,6.80341390000001,20260516,64,201,finished
synthetic45,synthetic_test_022,SASB-N-random-source,0.36609452736318404,5,7.312934799999994,20260517,64,201,finished
synthetic45,synthetic_test_022,SASB-N-degree-source,0.3770149253731343,5,7.994526500000006,20260513,64,201,finished
synthetic45,synthetic_test_022,SASB-N-degree-source,0.3770149253731343,5,6.916282600000017,20260514,64,201,finished
synthetic45,synthetic_test_022,SASB-N-degree-source,0.3770149253731343,5,6.590350399999977,20260515,64,201,finished
synthetic45,synthetic_test_022,SASB-N-degree-source,0.3770149253731343,5,11.242230800000016,20260516,64,201,finished
synthetic45,synthetic_test_022,SASB-N-degree-source,0.3770149253731343,5,7.051379099999963,20260517,64,201,finished
synthetic45,synthetic_test_022,SASB-N-frozen-source,0.37778606965174133,5,5.873018699999989,20260513,64,201,finished
synthetic45,synthetic_test_022,SASB-N-frozen-source,0.3795024875621891,5,5.830556399999978,20260514,64,201,finished
synthetic45,synthetic_test_022,SASB-N-frozen-source,0.37579601990049744,5,5.565805899999987,20260515,64,201,finished
synthetic45,synthetic_test_022,SASB-N-frozen-source,0.3782587064676617,5,5.850524199999995,20260516,64,201,finished
synthetic45,synthetic_test_022,SASB-N-frozen-source,0.3846019900497512,5,5.693870300000015,20260517,64,201,finished
synthetic45,synthetic_test_024,SASB-N-structured,0.3674865291713118,5,6.539536100000021,20260513,64,208,finished
synthetic45,synthetic_test_024,SASB-N-structured,0.3647691378669639,5,7.430807700000003,20260514,64,208,finished
synthetic45,synthetic_test_024,SASB-N-structured,0.36402591973244147,5,6.384597299999996,20260515,64,208,finished
synthetic45,synthetic_test_024,SASB-N-structured,0.3617962653288741,5,7.156004799999948,20260516,64,208,finished
synthetic45,synthetic_test_024,SASB-N-structured,0.37131874767744333,5,6.668332700000008,20260517,64,208,finished
synthetic45,synthetic_test_024,SASB-N-random-source,0.35636148272017837,5,6.8766112000000135,20260513,64,208,finished
synthetic45,synthetic_test_024,SASB-N-random-source,0.3534350613154961,5,6.923892799999976,20260514,64,208,finished
synthetic45,synthetic_test_024,SASB-N-random-source,0.35784791898922336,5,6.4800657000000115,20260515,64,208,finished
synthetic45,synthetic_test_024,SASB-N-random-source,0.363282701597919,5,6.47643149999999,20260516,64,208,finished
synthetic45,synthetic_test_024,SASB-N-random-source,0.3547821441843181,5,6.689006100000029,20260517,64,208,finished
synthetic45,synthetic_test_024,SASB-N-degree-source,0.3689961910070606,5,6.430293699999993,20260513,64,208,finished
synthetic45,synthetic_test_024,SASB-N-degree-source,0.3689961910070606,5,6.462177999999994,20260514,64,208,finished
synthetic45,synthetic_test_024,SASB-N-degree-source,0.3689961910070606,5,6.376719499999979,20260515,64,208,finished
synthetic45,synthetic_test_024,SASB-N-degree-source,0.3689961910070606,5,6.473693400000002,20260516,64,208,finished
synthetic45,synthetic_test_024,SASB-N-degree-source,0.3689961910070606,5,6.281441400000006,20260517,64,208,finished
synthetic45,synthetic_test_024,SASB-N-frozen-source,0.3667200854700855,5,5.681317499999977,20260513,64,208,finished
synthetic45,synthetic_test_024,SASB-N-frozen-source,0.36871748420661465,5,6.934540400000003,20260514,64,208,finished
synthetic45,synthetic_test_024,SASB-N-frozen-source,0.36500139353400224,5,8.37161580000003,20260515,64,208,finished
synthetic45,synthetic_test_024,SASB-N-frozen-source,0.375940635451505,5,7.201425699999959,20260516,64,208,finished
synthetic45,synthetic_test_024,SASB-N-frozen-source,0.3618891675956894,5,5.845353799999998,20260517,64,208,finished
synthetic45,synthetic_test_005,SASB-N-structured,0.32119402985074624,5,5.032985199999985,20260513,64,201,finished
synthetic45,synthetic_test_005,SASB-N-structured,0.31786069651741294,5,4.746048999999971,20260514,64,201,finished
synthetic45,synthetic_test_005,SASB-N-structured,0.32830845771144274,5,4.941156899999953,20260515,64,201,finished
synthetic45,synthetic_test_005,SASB-N-structured,0.31146766169154233,5,4.707230700000025,20260516,64,201,finished
synthetic45,synthetic_test_005,SASB-N-structured,0.3260696517412935,5,4.819442100000003,20260517,64,201,finished
synthetic45,synthetic_test_005,SASB-N-random-source,0.3140049751243781,5,4.690534999999954,20260513,64,201,finished
synthetic45,synthetic_test_005,SASB-N-random-source,0.31651741293532343,5,4.786023300000011,20260514,64,201,finished
synthetic45,synthetic_test_005,SASB-N-random-source,0.31631840796019894,5,4.754205200000001,20260515,64,201,finished
synthetic45,synthetic_test_005,SASB-N-random-source,0.3222636815920398,5,4.7785334999999804,20260516,64,201,finished
synthetic45,synthetic_test_005,SASB-N-random-source,0.31385572139303475,5,4.698707000000013,20260517,64,201,finished
synthetic45,synthetic_test_005,SASB-N-degree-source,0.32552238805970146,5,4.758446599999957,20260513,64,201,finished
synthetic45,synthetic_test_005,SASB-N-degree-source,0.32552238805970146,5,4.760084699999993,20260514,64,201,finished
synthetic45,synthetic_test_005,SASB-N-degree-source,0.32552238805970146,5,4.7550463000000605,20260515,64,201,finished
synthetic45,synthetic_test_005,SASB-N-degree-source,0.32552238805970146,5,4.671819000000028,20260516,64,201,finished
synthetic45,synthetic_test_005,SASB-N-degree-source,0.32552238805970146,5,4.785191400000031,20260517,64,201,finished
synthetic45,synthetic_test_005,SASB-N-frozen-source,0.32236318407960196,5,4.129495200000065,20260513,64,201,finished
synthetic45,synthetic_test_005,SASB-N-frozen-source,0.32753731343283576,5,3.993051899999955,20260514,64,201,finished
synthetic45,synthetic_test_005,SASB-N-frozen-source,0.31343283582089554,5,4.021391799999947,20260515,64,201,finished
synthetic45,synthetic_test_005,SASB-N-frozen-source,0.32034825870646766,5,4.159487000000013,20260516,64,201,finished
synthetic45,synthetic_test_005,SASB-N-frozen-source,0.3331592039800995,5,4.1898815000000695,20260517,64,201,finished
synthetic45,synthetic_test_001,SASB-N-structured,0.28167331658538985,5,3.955958500000065,20260513,64,202,finished
synthetic45,synthetic_test_001,SASB-N-structured,0.2905152455544062,5,4.105693599999995,20260514,64,202,finished
synthetic45,synthetic_test_001,SASB-N-structured,0.2937416876015959,5,4.169360900000015,20260515,64,202,finished
synthetic45,synthetic_test_001,SASB-N-structured,0.2851953105758337,5,3.9962286999999606,20260516,64,202,finished
synthetic45,synthetic_test_001,SASB-N-structured,0.2898256243534801,5,4.049082099999964,20260517,64,202,finished
synthetic45,synthetic_test_001,SASB-N-random-source,0.27965371163982067,5,3.8572196999999733,20260513,64,202,finished
synthetic45,synthetic_test_001,SASB-N-random-source,0.27529432047682384,5,3.8253287999999657,20260514,64,202,finished
synthetic45,synthetic_test_001,SASB-N-random-source,0.27623023496379484,5,3.9156490000000304,20260515,64,202,finished
synthetic45,synthetic_test_001,SASB-N-random-source,0.27519580316240577,5,3.8594870000000583,20260516,64,202,finished
synthetic45,synthetic_test_001,SASB-N-random-source,0.2925594798285798,5,4.001579900000024,20260517,64,202,finished
synthetic45,synthetic_test_001,SASB-N-degree-source,0.2983473720506379,5,4.186713499999996,20260513,64,202,finished
synthetic45,synthetic_test_001,SASB-N-degree-source,0.2983473720506379,5,4.122638700000039,20260514,64,202,finished
synthetic45,synthetic_test_001,SASB-N-degree-source,0.2983473720506379,5,4.164671899999917,20260515,64,202,finished
synthetic45,synthetic_test_001,SASB-N-degree-source,0.2983473720506379,5,4.185060799999974,20260516,64,202,finished
synthetic45,synthetic_test_001,SASB-N-degree-source,0.2983473720506379,5,4.2198591999999735,20260517,64,202,finished
synthetic45,synthetic_test_001,SASB-N-frozen-source,0.3075833702773262,5,3.730340100000035,20260513,64,202,finished
synthetic45,synthetic_test_001,SASB-N-frozen-source,0.29465297275996255,5,3.551366700000017,20260514,64,202,finished
synthetic45,synthetic_test_001,SASB-N-frozen-source,0.3038397123294419,5,3.633187600000042,20260515,64,202,finished
synthetic45,synthetic_test_001,SASB-N-frozen-source,0.28576178513373723,5,3.4020600999999715,20260516,64,202,finished
synthetic45,synthetic_test_001,SASB-N-frozen-source,0.28317570563026456,5,3.3535117000000128,20260517,64,202,finished
realworld_completed,ia_infect_hyper,SASB-N-structured,0.44184576485461446,5,3.3012008000000037,20260513,64,113,finished
realworld_completed,ia_infect_hyper,SASB-N-structured,0.44184576485461446,5,3.3628485999999995,20260514,64,113,finished
realworld_completed,ia_infect_hyper,SASB-N-structured,0.44184576485461446,5,3.360496699999999,20260515,64,113,finished
realworld_completed,ia_infect_hyper,SASB-N-structured,0.44255689001264226,5,3.4020130000000037,20260516,64,113,finished
realworld_completed,ia_infect_hyper,SASB-N-structured,0.4423198482932997,5,3.4323289999999957,20260517,64,113,finished
realworld_completed,ia_infect_hyper,SASB-N-random-source,0.4403445006321112,5,3.3374464000000046,20260513,64,113,finished
realworld_completed,ia_infect_hyper,SASB-N-random-source,0.4403445006321112,5,3.309147600000003,20260514,64,113,finished
realworld_completed,ia_infect_hyper,SASB-N-random-source,0.4403445006321112,5,3.326906000000001,20260515,64,113,finished
realworld_completed,ia_infect_hyper,SASB-N-random-source,0.4420828065739571,5,3.4366502000000025,20260516,64,113,finished
realworld_completed,ia_infect_hyper,SASB-N-random-source,0.4403445006321112,5,3.479333699999998,20260517,64,113,finished
realworld_completed,ia_infect_hyper,SASB-N-degree-source,0.4423198482932997,5,3.3289709000000016,20260513,64,113,finished
realworld_completed,ia_infect_hyper,SASB-N-degree-source,0.4423198482932997,5,3.392751799999999,20260514,64,113,finished
realworld_completed,ia_infect_hyper,SASB-N-degree-source,0.4423198482932997,5,3.3513201000000095,20260515,64,113,finished
realworld_completed,ia_infect_hyper,SASB-N-degree-source,0.4423198482932997,5,3.3601654999999937,20260516,64,113,finished
realworld_completed,ia_infect_hyper,SASB-N-degree-source,0.4423198482932997,5,3.3653446000000002,20260517,64,113,finished
realworld_completed,ia_infect_hyper,SASB-N-frozen-source,0.4505372945638432,5,2.9170766999999955,20260513,64,113,finished
realworld_completed,ia_infect_hyper,SASB-N-frozen-source,0.45243362831858414,5,2.8653046000000018,20260514,64,113,finished
realworld_completed,ia_infect_hyper,SASB-N-frozen-source,0.4528286978508218,5,2.973791200000008,20260515,64,113,finished
realworld_completed,ia_infect_hyper,SASB-N-frozen-source,0.4538558786346397,5,2.9544111000000015,20260516,64,113,finished
realworld_completed,ia_infect_hyper,SASB-N-frozen-source,0.4550410872313527,5,2.9962949999999893,20260517,64,113,finished
realworld_completed,ia_enron_only,SASB-N-structured,0.18388653599921206,5,1.2202283999999963,20260513,64,143,finished
realworld_completed,ia_enron_only,SASB-N-structured,0.18304934502117604,5,1.2138704999999987,20260514,64,143,finished
realworld_completed,ia_enron_only,SASB-N-structured,0.18388653599921206,5,1.2187852999999933,20260515,64,143,finished
realworld_completed,ia_enron_only,SASB-N-structured,0.18304934502117604,5,1.2210431000000028,20260516,64,143,finished
realworld_completed,ia_enron_only,SASB-N-structured,0.18388653599921206,5,1.2163519000000065,20260517,64,143,finished
realworld_completed,ia_enron_only,SASB-N-random-source,0.17974982763715158,5,1.180259399999997,20260513,64,143,finished
realworld_completed,ia_enron_only,SASB-N-random-source,0.17871565054663646,5,1.1679926999999992,20260514,64,143,finished
realworld_completed,ia_enron_only,SASB-N-random-source,0.18034078597458877,5,1.1767633000000046,20260515,64,143,finished
realworld_completed,ia_enron_only,SASB-N-random-source,0.17979907416527133,5,1.189013100000011,20260516,64,143,finished
realworld_completed,ia_enron_only,SASB-N-random-source,0.18132571653698412,5,1.1808742000000052,20260517,64,143,finished
realworld_completed,ia_enron_only,SASB-N-degree-source,0.18634886240520043,5,1.2023970999999989,20260513,64,143,finished
realworld_completed,ia_enron_only,SASB-N-degree-source,0.18634886240520043,5,1.3406698000000006,20260514,64,143,finished
realworld_completed,ia_enron_only,SASB-N-degree-source,0.18634886240520043,5,1.221937799999992,20260515,64,143,finished
realworld_completed,ia_enron_only,SASB-N-degree-source,0.18634886240520043,5,1.2792836000000136,20260516,64,143,finished
realworld_completed,ia_enron_only,SASB-N-degree-source,0.18634886240520043,5,1.215576200000001,20260517,64,143,finished
realworld_completed,ia_enron_only,SASB-N-frozen-source,0.18748153255195507,5,1.0951443999999952,20260513,64,143,finished
realworld_completed,ia_enron_only,SASB-N-frozen-source,0.18748153255195507,5,1.2099896,20260514,64,143,finished
realworld_completed,ia_enron_only,SASB-N-frozen-source,0.18280311238057717,5,1.115727199999995,20260515,64,143,finished
realworld_completed,ia_enron_only,SASB-N-frozen-source,0.18748153255195507,5,1.1602364000000023,20260516,64,143,finished
realworld_completed,ia_enron_only,SASB-N-frozen-source,0.18748153255195507,5,1.096446400000005,20260517,64,143,finished
realworld_completed,rt_retweet,SASB-N-structured,0.06091008771929826,5,0.1782056999999213,20260513,64,96,finished
realworld_completed,rt_retweet,SASB-N-structured,0.06091008771929826,5,0.23513900000000376,20260514,64,96,finished
realworld_completed,rt_retweet,SASB-N-structured,0.06091008771929826,5,0.18293729999993502,20260515,64,96,finished
realworld_completed,rt_retweet,SASB-N-structured,0.06091008771929826,5,0.18485759999998663,20260516,64,96,finished
realworld_completed,rt_retweet,SASB-N-structured,0.06091008771929826,5,0.17868669999995745,20260517,64,96,finished
realworld_completed,rt_retweet,SASB-N-random-source,0.06091008771929826,5,0.16577460000007704,20260513,64,96,finished
realworld_completed,rt_retweet,SASB-N-random-source,0.06091008771929826,5,0.16730930000005628,20260514,64,96,finished
realworld_completed,rt_retweet,SASB-N-random-source,0.06091008771929826,5,0.16953669999998056,20260515,64,96,finished
realworld_completed,rt_retweet,SASB-N-random-source,0.06091008771929826,5,0.1705590999999913,20260516,64,96,finished
realworld_completed,rt_retweet,SASB-N-random-source,0.06091008771929826,5,0.16868539999995846,20260517,64,96,finished
realworld_completed,rt_retweet,SASB-N-degree-source,0.06091008771929826,5,0.16531209999993735,20260513,64,96,finished
realworld_completed,rt_retweet,SASB-N-degree-source,0.06091008771929826,5,0.16610960000002706,20260514,64,96,finished
realworld_completed,rt_retweet,SASB-N-degree-source,0.06091008771929826,5,0.1664472999999589,20260515,64,96,finished
realworld_completed,rt_retweet,SASB-N-degree-source,0.06091008771929826,5,0.16794509999999718,20260516,64,96,finished
realworld_completed,rt_retweet,SASB-N-degree-source,0.06091008771929826,5,0.1673968000000059,20260517,64,96,finished
realworld_completed,rt_retweet,SASB-N-frozen-source,0.06091008771929826,5,0.14690690000009,20260513,64,96,finished
realworld_completed,rt_retweet,SASB-N-frozen-source,0.06091008771929826,5,0.14790179999999964,20260514,64,96,finished
realworld_completed,rt_retweet,SASB-N-frozen-source,0.06091008771929826,5,0.1488820999999234,20260515,64,96,finished
realworld_completed,rt_retweet,SASB-N-frozen-source,0.06091008771929826,5,0.14801669999997102,20260516,64,96,finished
realworld_completed,rt_retweet,SASB-N-frozen-source,0.06091008771929826,5,0.14729620000002797,20260517,64,96,finished
realworld_completed,ca_netscience,SASB-N-structured,0.025177646549678214,5,1.3330212999999276,20260513,64,379,finished
realworld_completed,ca_netscience,SASB-N-structured,0.025177646549678214,5,1.3311683000000585,20260514,64,379,finished
realworld_completed,ca_netscience,SASB-N-structured,0.026852898884561157,5,1.429210600000033,20260515,64,379,finished
realworld_completed,ca_netscience,SASB-N-structured,0.026852898884561157,5,1.4019988999999669,20260516,64,379,finished
realworld_completed,ca_netscience,SASB-N-structured,0.026852898884561157,5,1.424344700000006,20260517,64,379,finished
realworld_completed,ca_netscience,SASB-N-random-source,0.025177646549678214,5,1.2415482999999767,20260513,64,379,finished
realworld_completed,ca_netscience,SASB-N-random-source,0.02450754561572504,5,1.2315787,20260514,64,379,finished
realworld_completed,ca_netscience,SASB-N-random-source,0.024612248886655218,5,1.2404519000000391,20260515,64,379,finished
realworld_completed,ca_netscience,SASB-N-random-source,0.024612248886655218,5,1.2507797000000664,20260516,64,379,finished
realworld_completed,ca_netscience,SASB-N-random-source,0.025512697016654803,5,1.310337900000036,20260517,64,379,finished
realworld_completed,ca_netscience,SASB-N-degree-source,0.026838938448437138,5,1.2944602999999688,20260513,64,379,finished
realworld_completed,ca_netscience,SASB-N-degree-source,0.026838938448437138,5,1.3135266000000456,20260514,64,379,finished
realworld_completed,ca_netscience,SASB-N-degree-source,0.026838938448437138,5,1.3115600000000995,20260515,64,379,finished
realworld_completed,ca_netscience,SASB-N-degree-source,0.026838938448437138,5,1.3232317000000648,20260516,64,379,finished
realworld_completed,ca_netscience,SASB-N-degree-source,0.026838938448437138,5,1.3539015000000063,20260517,64,379,finished
realworld_completed,ca_netscience,SASB-N-frozen-source,0.027823149195180863,5,1.1239404000000377,20260513,64,379,finished
realworld_completed,ca_netscience,SASB-N-frozen-source,0.02779522832293281,5,1.0948384000000715,20260514,64,379,finished
realworld_completed,ca_netscience,SASB-N-frozen-source,0.027557900908824397,5,1.1074292000000696,20260515,64,379,finished
realworld_completed,ca_netscience,SASB-N-frozen-source,0.02779522832293281,5,1.0957683999999972,20260516,64,379,finished
realworld_completed,ca_netscience,SASB-N-frozen-source,0.027536960254638358,5,1.1641071999999895,20260517,64,379,finished
realworld_completed,bio_celegans_dir,SASB-N-structured,0.0798462560315693,5,6.164079900000047,20260513,64,453,finished
realworld_completed,bio_celegans_dir,SASB-N-structured,0.07987555920217236,5,5.767831699999988,20260514,64,453,finished
realworld_completed,bio_celegans_dir,SASB-N-structured,0.079865791478638,5,5.644065099999921,20260515,64,453,finished
realworld_completed,bio_celegans_dir,SASB-N-structured,0.079865791478638,5,5.67384519999996,20260516,64,453,finished
realworld_completed,bio_celegans_dir,SASB-N-structured,0.08017347476997012,5,5.629342699999938,20260517,64,453,finished
realworld_completed,bio_celegans_dir,SASB-N-random-source,0.0778438727070269,5,5.468301999999994,20260513,64,453,finished
realworld_completed,bio_celegans_dir,SASB-N-random-source,0.07807829807185139,5,5.408733500000039,20260514,64,453,finished
realworld_completed,bio_celegans_dir,SASB-N-random-source,0.07729199632733595,5,5.408795599999962,20260515,64,453,finished
realworld_completed,bio_celegans_dir,SASB-N-random-source,0.07762898278927115,5,5.336090400000103,20260516,64,453,finished
realworld_completed,bio_celegans_dir,SASB-N-random-source,0.07802945945417963,5,5.413926700000047,20260517,64,453,finished
realworld_completed,bio_celegans_dir,SASB-N-degree-source,0.08418312528082207,5,5.771930099999963,20260513,64,453,finished
realworld_completed,bio_celegans_dir,SASB-N-degree-source,0.08418312528082207,5,5.916244500000062,20260514,64,453,finished
realworld_completed,bio_celegans_dir,SASB-N-degree-source,0.08418312528082207,5,5.720344100000034,20260515,64,453,finished
realworld_completed,bio_celegans_dir,SASB-N-degree-source,0.08418312528082207,5,5.958655300000032,20260516,64,453,finished
realworld_completed,bio_celegans_dir,SASB-N-degree-source,0.08418312528082207,5,5.7449931999999535,20260517,64,453,finished
realworld_completed,bio_celegans_dir,SASB-N-frozen-source,0.08789486022387621,5,5.195623899999987,20260513,64,453,finished
realworld_completed,bio_celegans_dir,SASB-N-frozen-source,0.08131629842348942,5,4.749732899999913,20260514,64,453,finished
realworld_completed,bio_celegans_dir,SASB-N-frozen-source,0.08150188517064212,5,4.81102820000001,20260515,64,453,finished
realworld_completed,bio_celegans_dir,SASB-N-frozen-source,0.08934536716872765,5,5.180364700000041,20260516,64,453,finished
realworld_completed,bio_celegans_dir,SASB-N-frozen-source,0.08330891402449746,5,4.945565099999953,20260517,64,453,finished
realworld_completed,web_polblogs,SASB-N-structured,0.07254739514445041,5,11.357870100000014,20260513,64,643,finished
realworld_completed,web_polblogs,SASB-N-structured,0.07459678396147343,5,11.541295799999943,20260514,64,643,finished
realworld_completed,web_polblogs,SASB-N-structured,0.07368836693265118,5,12.012045100000023,20260515,64,643,finished
realworld_completed,web_polblogs,SASB-N-structured,0.07345096728245229,5,13.018649099999948,20260516,64,643,finished
realworld_completed,web_polblogs,SASB-N-structured,0.07251105846329753,5,13.70282229999998,20260517,64,643,finished
realworld_completed,web_polblogs,SASB-N-random-source,0.0745071534812963,5,11.518461300000013,20260513,64,643,finished
realworld_completed,web_polblogs,SASB-N-random-source,0.07496015077300233,5,11.68953190000002,20260514,64,643,finished
realworld_completed,web_polblogs,SASB-N-random-source,0.07475666535854615,5,11.447091399999977,20260515,64,643,finished
realworld_completed,web_polblogs,SASB-N-random-source,0.07478088981264808,5,11.354808100000014,20260516,64,643,finished
realworld_completed,web_polblogs,SASB-N-random-source,0.07486567540200481,5,11.415628599999991,20260517,64,643,finished
realworld_completed,web_polblogs,SASB-N-degree-source,0.07230030571261076,5,10.868463399999996,20260513,64,643,finished
realworld_completed,web_polblogs,SASB-N-degree-source,0.07230030571261076,5,10.765613899999948,20260514,64,643,finished
realworld_completed,web_polblogs,SASB-N-degree-source,0.07230030571261076,5,10.914441700000111,20260515,64,643,finished
realworld_completed,web_polblogs,SASB-N-degree-source,0.07230030571261076,5,10.802300899999977,20260516,64,643,finished
realworld_completed,web_polblogs,SASB-N-degree-source,0.07230030571261076,5,10.87085890000003,20260517,64,643,finished
realworld_completed,web_polblogs,SASB-N-frozen-source,0.07839517836465555,5,9.111046500000043,20260513,64,643,finished
realworld_completed,web_polblogs,SASB-N-frozen-source,0.07707494561610052,5,8.947948999999994,20260514,64,643,finished
realworld_completed,web_polblogs,SASB-N-frozen-source,0.07402750929007816,5,8.979408400000011,20260515,64,643,finished
realworld_completed,web_polblogs,SASB-N-frozen-source,0.0796669622050067,5,9.23333409999998,20260516,64,643,finished
realworld_completed,web_polblogs,SASB-N-frozen-source,0.07574017819508437,5,9.080838900000003,20260517,64,643,finished
realworld_completed,bio_diseasome,SASB-N-structured,0.0198069541657259,5,2.1646118999999544,20260513,64,516,finished
realworld_completed,bio_diseasome,SASB-N-structured,0.019716640325129826,5,2.0544605000000047,20260514,64,516,finished
realworld_completed,bio_diseasome,SASB-N-structured,0.0198069541657259,5,2.0869328999999652,20260515,64,516,finished
realworld_completed,bio_diseasome,SASB-N-structured,0.0198069541657259,5,2.099158099999954,20260516,64,516,finished
realworld_completed,bio_diseasome,SASB-N-structured,0.0198069541657259,5,2.1050240999999232,20260517,64,516,finished
realworld_completed,bio_diseasome,SASB-N-random-source,0.02007789568751411,5,2.013688600000023,20260513,64,516,finished
realworld_completed,bio_diseasome,SASB-N-random-source,0.01999134492360954,5,1.972700199999963,20260514,64,516,finished
realworld_completed,bio_diseasome,SASB-N-random-source,0.02001392338375856,5,2.012592100000006,20260515,64,516,finished
realworld_completed,bio_diseasome,SASB-N-random-source,0.020013923383758563,5,1.9661716000000524,20260516,64,516,finished
realworld_completed,bio_diseasome,SASB-N-random-source,0.01999134492360954,5,1.9552919000000202,20260517,64,516,finished
realworld_completed,bio_diseasome,SASB-N-degree-source,0.020649883344622564,5,2.002678500000002,20260513,64,516,finished
realworld_completed,bio_diseasome,SASB-N-degree-source,0.020649883344622564,5,1.978266500000018,20260514,64,516,finished
realworld_completed,bio_diseasome,SASB-N-degree-source,0.020649883344622564,5,1.9784309000000349,20260515,64,516,finished
realworld_completed,bio_diseasome,SASB-N-degree-source,0.020649883344622564,5,2.0220553999999993,20260516,64,516,finished
realworld_completed,bio_diseasome,SASB-N-degree-source,0.020649883344622564,5,1.9857027000000471,20260517,64,516,finished
realworld_completed,bio_diseasome,SASB-N-frozen-source,0.02050688643034545,5,1.6521316999999272,20260513,64,516,finished
realworld_completed,bio_diseasome,SASB-N-frozen-source,0.020706329494995106,5,1.6341847999999572,20260514,64,516,finished
realworld_completed,bio_diseasome,SASB-N-frozen-source,0.020348837209302327,5,1.577263300000027,20260515,64,516,finished
realworld_completed,bio_diseasome,SASB-N-frozen-source,0.020363889516068337,5,1.5775032000000238,20260516,64,516,finished
realworld_completed,bio_diseasome,SASB-N-frozen-source,0.020382704899525848,5,1.621932099999981,20260517,64,516,finished
realworld_completed,ca_csphd,SASB-N-structured,0.00681783536585366,5,5.896162400000094,20260513,64,1025,finished
realworld_completed,ca_csphd,SASB-N-structured,0.00681783536585366,5,5.801469499999939,20260514,64,1025,finished
realworld_completed,ca_csphd,SASB-N-structured,0.00681783536585366,5,5.588477600000033,20260515,64,1025,finished
realworld_completed,ca_csphd,SASB-N-structured,0.00681783536585366,5,5.638803999999936,20260516,64,1025,finished
realworld_completed,ca_csphd,SASB-N-structured,0.00681783536585366,5,5.695969999999988,20260517,64,1025,finished
realworld_completed,ca_csphd,SASB-N-random-source,0.0068664253048780505,5,4.348300399999971,20260513,64,1025,finished
realworld_completed,ca_csphd,SASB-N-random-source,0.00681783536585366,5,4.28723570000011,20260514,64,1025,finished
realworld_completed,ca_csphd,SASB-N-random-source,0.006803544207317075,5,4.260174199999938,20260515,64,1025,finished
realworld_completed,ca_csphd,SASB-N-random-source,0.006834984756097563,5,4.297516999999971,20260516,64,1025,finished
realworld_completed,ca_csphd,SASB-N-random-source,0.006803544207317075,5,4.247467400000005,20260517,64,1025,finished
realworld_completed,ca_csphd,SASB-N-degree-source,0.00681783536585366,5,4.283598500000153,20260513,64,1025,finished
realworld_completed,ca_csphd,SASB-N-degree-source,0.00681783536585366,5,4.3196397000001525,20260514,64,1025,finished
realworld_completed,ca_csphd,SASB-N-degree-source,0.00681783536585366,5,4.2910581000001,20260515,64,1025,finished
realworld_completed,ca_csphd,SASB-N-degree-source,0.00681783536585366,5,4.276496700000052,20260516,64,1025,finished
realworld_completed,ca_csphd,SASB-N-degree-source,0.00681783536585366,5,4.2840490000000955,20260517,64,1025,finished
realworld_completed,ca_csphd,SASB-N-frozen-source,0.007479992378048781,5,3.3358826999999565,20260513,64,1025,finished
realworld_completed,ca_csphd,SASB-N-frozen-source,0.007515243902439025,5,3.3374974000000748,20260514,64,1025,finished
realworld_completed,ca_csphd,SASB-N-frozen-source,0.007399009146341465,5,3.310264499999903,20260515,64,1025,finished
realworld_completed,ca_csphd,SASB-N-frozen-source,0.007516196646341464,5,3.3234597999999096,20260516,64,1025,finished
realworld_completed,ca_csphd,SASB-N-frozen-source,0.007417111280487807,5,3.3533396000000266,20260517,64,1025,finished
realworld_completed,ia_fb_messages,SASB-N-structured,0.17339071739442646,5,143.50701449999997,20260513,64,1266,finished
realworld_completed,ia_fb_messages,SASB-N-structured,0.17196954086506944,5,151.50496380000004,20260514,64,1266,finished
realworld_completed,ia_fb_messages,SASB-N-structured,0.1738221905850177,5,140.80564950000007,20260515,64,1266,finished
realworld_completed,ia_fb_messages,SASB-N-structured,0.1713932025800973,5,144.00027499999987,20260516,64,1266,finished
realworld_completed,ia_fb_messages,SASB-N-structured,0.17301918838082037,5,149.0435935999999,20260517,64,1266,finished
realworld_completed,ia_fb_messages,SASB-N-random-source,0.166296074280826,5,144.2634579999999,20260513,64,1266,finished
realworld_completed,ia_fb_messages,SASB-N-random-source,0.16571411622926152,5,144.96520499999997,20260514,64,1266,finished
realworld_completed,ia_fb_messages,SASB-N-random-source,0.166993549756789,5,151.2125003000001,20260515,64,1266,finished
realworld_completed,ia_fb_messages,SASB-N-random-source,0.16749246014648858,5,144.60300129999996,20260516,64,1266,finished
realworld_completed,ia_fb_messages,SASB-N-random-source,0.16620865568938928,5,137.94381729999986,20260517,64,1266,finished
realworld_completed,ia_fb_messages,SASB-N-degree-source,0.17382718593309981,5,144.5989629999999,20260513,64,1266,finished
realworld_completed,ia_fb_messages,SASB-N-degree-source,0.17382718593309981,5,144.55299319999995,20260514,64,1266,finished
realworld_completed,ia_fb_messages,SASB-N-degree-source,0.17382718593309981,5,144.13458459999993,20260515,64,1266,finished
realworld_completed,ia_fb_messages,SASB-N-degree-source,0.17382718593309981,5,147.47107499999993,20260516,64,1266,finished
realworld_completed,ia_fb_messages,SASB-N-degree-source,0.17382718593309981,5,144.9516205,20260517,64,1266,finished
realworld_completed,ia_fb_messages,SASB-N-frozen-source,0.19433308981011432,5,116.87585739999986,20260513,64,1266,finished
realworld_completed,ia_fb_messages,SASB-N-frozen-source,0.19694128592748003,5,123.78937000000042,20260514,64,1266,finished
realworld_completed,ia_fb_messages,SASB-N-frozen-source,0.19824569619541807,5,127.8286149999999,20260515,64,1266,finished
realworld_completed,ia_fb_messages,SASB-N-frozen-source,0.195455794291566,5,119.36931360000017,20260516,64,1266,finished
realworld_completed,ia_fb_messages,SASB-N-frozen-source,0.2002519528688909,5,125.1126432000001,20260517,64,1266,finished
realworld_completed,econ_mahindas,SASB-N-structured,0.22232287741904472,5,233.64271729999973,20260513,64,1258,finished
realworld_completed,econ_mahindas,SASB-N-structured,0.22640810823458582,5,241.23197679999976,20260514,64,1258,finished
realworld_completed,econ_mahindas,SASB-N-structured,0.22169997457797536,5,246.93946230000074,20260515,64,1258,finished
realworld_completed,econ_mahindas,SASB-N-structured,0.22290593977383247,5,260.8351821999995,20260516,64,1258,finished
realworld_completed,econ_mahindas,SASB-N-structured,0.2224822393641711,5,266.98855879999974,20260517,64,1258,finished
realworld_completed,econ_mahindas,SASB-N-random-source,0.21190300928473044,5,217.29606759999933,20260513,64,1258,finished
realworld_completed,econ_mahindas,SASB-N-random-source,0.20945313557274808,5,204.80191709999963,20260514,64,1258,finished
realworld_completed,econ_mahindas,SASB-N-random-source,0.2102910505620038,5,195.72125070000038,20260515,64,1258,finished
realworld_completed,econ_mahindas,SASB-N-random-source,0.21075395906927563,5,216.43646009999975,20260516,64,1258,finished
realworld_completed,econ_mahindas,SASB-N-random-source,0.2108810691921741,5,231.3342120999996,20260517,64,1258,finished
realworld_completed,econ_mahindas,SASB-N-degree-source,0.21873786604237255,5,265.07104399999935,20260513,64,1258,finished
realworld_completed,econ_mahindas,SASB-N-degree-source,0.21873786604237255,5,252.10163049999937,20260514,64,1258,finished
realworld_completed,econ_mahindas,SASB-N-degree-source,0.21873786604237255,5,252.20807270000023,20260515,64,1258,finished
realworld_completed,econ_mahindas,SASB-N-degree-source,0.21873786604237255,5,249.8500156,20260516,64,1258,finished
realworld_completed,econ_mahindas,SASB-N-degree-source,0.21873786604237255,5,248.22066169999925,20260517,64,1258,finished
realworld_completed,econ_mahindas,SASB-N-frozen-source,0.24780244936780105,5,210.08903069999997,20260513,64,1258,finished
realworld_completed,econ_mahindas,SASB-N-frozen-source,0.2555283417630743,5,245.29868179999994,20260514,64,1258,finished
realworld_completed,econ_mahindas,SASB-N-frozen-source,0.25138809313314436,5,235.6691824999998,20260515,64,1258,finished
realworld_completed,econ_mahindas,SASB-N-frozen-source,0.2513994761292248,5,227.09578859999965,20260516,64,1258,finished
realworld_completed,econ_mahindas,SASB-N-frozen-source,0.2536324405270074,5,228.90433049999956,20260517,64,1258,finished
realworld_completed,bio_grid_worm,SASB-N-structured,0.027144351398896524,5,159.8980640000009,20260513,64,3343,finished
realworld_completed,bio_grid_worm,SASB-N-structured,0.027160999707670015,5,161.2985993000002,20260514,64,3343,finished
realworld_completed,bio_grid_worm,SASB-N-structured,0.026885318035506724,5,158.94560319999982,20260515,64,3343,finished
realworld_completed,bio_grid_worm,SASB-N-structured,0.02749074362982897,5,160.2802154000001,20260516,64,3343,finished
realworld_completed,bio_grid_worm,SASB-N-structured,0.02756888327262071,5,164.82572040000014,20260517,64,3343,finished
realworld_completed,bio_grid_worm,SASB-N-random-source,0.025526869743811173,5,133.61195749999933,20260513,64,3343,finished
realworld_completed,bio_grid_worm,SASB-N-random-source,0.025311963349374782,5,132.04233589999967,20260514,64,3343,finished
realworld_completed,bio_grid_worm,SASB-N-random-source,0.02556723741723508,5,133.60763189999852,20260515,64,3343,finished
realworld_completed,bio_grid_worm,SASB-N-random-source,0.02569111515563573,5,133.32404570000108,20260516,64,3343,finished
realworld_completed,bio_grid_worm,SASB-N-random-source,0.025979506826970183,5,134.28938799999924,20260517,64,3343,finished
realworld_completed,bio_grid_worm,SASB-N-degree-source,0.02732819885169633,5,140.2228821000008,20260513,64,3343,finished
realworld_completed,bio_grid_worm,SASB-N-degree-source,0.02732819885169633,5,143.05097319999913,20260514,64,3343,finished
realworld_completed,bio_grid_worm,SASB-N-degree-source,0.02732819885169633,5,138.70285890000014,20260515,64,3343,finished
realworld_completed,bio_grid_worm,SASB-N-degree-source,0.02732819885169633,5,141.12227339999845,20260516,64,3343,finished
realworld_completed,bio_grid_worm,SASB-N-degree-source,0.02732819885169633,5,140.42382100000032,20260517,64,3343,finished
realworld_completed,bio_grid_worm,SASB-N-frozen-source,0.03175056250697036,5,117.2924082999998,20260513,64,3343,finished
realworld_completed,bio_grid_worm,SASB-N-frozen-source,0.03157494970152088,5,113.96600939999917,20260514,64,3343,finished
realworld_completed,bio_grid_worm,SASB-N-frozen-source,0.0322205639551942,5,117.94137649999902,20260515,64,3343,finished
realworld_completed,bio_grid_worm,SASB-N-frozen-source,0.03161988223380204,5,121.73742560000028,20260516,64,3343,finished
realworld_completed,bio_grid_worm,SASB-N-frozen-source,0.03233137366627802,5,116.93380640000032,20260517,64,3343,finished
realworld_completed,bio_grid_plant,SASB-N-structured,0.019517700122223376,5,16.760737799999333,20260513,64,1272,finished
realworld_completed,bio_grid_plant,SASB-N-structured,0.018631951763826832,5,16.37069479999991,20260514,64,1272,finished
realworld_completed,bio_grid_plant,SASB-N-structured,0.01874947424154704,5,16.585691000000224,20260515,64,1272,finished
realworld_completed,bio_grid_plant,SASB-N-structured,0.01782846913983443,5,16.012936299999637,20260516,64,1272,finished
realworld_completed,bio_grid_plant,SASB-N-structured,0.01782846913983443,5,15.871866000001319,20260517,64,1272,finished
realworld_completed,bio_grid_plant,SASB-N-random-source,0.016134908381950527,5,13.011480900000606,20260513,64,1272,finished
realworld_completed,bio_grid_plant,SASB-N-random-source,0.016182535912395036,5,12.85486260000107,20260514,64,1272,finished
realworld_completed,bio_grid_plant,SASB-N-random-source,0.015953057811162408,5,12.963742699999784,20260515,64,1272,finished
realworld_completed,bio_grid_plant,SASB-N-random-source,0.01575388813839447,5,13.287014499999714,20260516,64,1272,finished
realworld_completed,bio_grid_plant,SASB-N-random-source,0.01595924320472663,5,13.058974700001272,20260517,64,1272,finished
realworld_completed,bio_grid_plant,SASB-N-degree-source,0.01740476968068524,5,13.818451399998594,20260513,64,1272,finished
realworld_completed,bio_grid_plant,SASB-N-degree-source,0.01740476968068524,5,13.43878179999956,20260514,64,1272,finished
realworld_completed,bio_grid_plant,SASB-N-degree-source,0.01740476968068524,5,13.60589169999912,20260515,64,1272,finished
realworld_completed,bio_grid_plant,SASB-N-degree-source,0.01740476968068524,5,13.595796300000075,20260516,64,1272,finished
realworld_completed,bio_grid_plant,SASB-N-degree-source,0.01740476968068524,5,13.617330799999763,20260517,64,1272,finished
realworld_completed,bio_grid_plant,SASB-N-frozen-source,0.01888617143931634,5,12.133845500000461,20260513,64,1272,finished
realworld_completed,bio_grid_plant,SASB-N-frozen-source,0.020461591180123605,5,13.084825500000079,20260514,64,1272,finished
realworld_completed,bio_grid_plant,SASB-N-frozen-source,0.019199152353665955,5,12.335088199999518,20260515,64,1272,finished
realworld_completed,bio_grid_plant,SASB-N-frozen-source,0.019034002345501237,5,12.233237300000837,20260516,64,1272,finished
realworld_completed,bio_grid_plant,SASB-N-frozen-source,0.018924520879414517,5,12.519453700000668,20260517,64,1272,finished
