dataset,graph_id,method,source_policy,seed,step,attack_phase,selected_edge,candidate_set_size,candidate_set_hash,candidate_set_backend,source_budget,true_source_traversal_count,source_count,source_nodes,source_strata_counts,source_degree_bins,source_community_counts,gcc_before,gcc_after,delta_gcc,num_components_before,num_components_after,is_bridge_before_removal,is_inter_community_edge,degree_u,degree_v,degree_product,common_neighbors,edge_embeddedness,sampled_betweenness_score,remove_ratio_before,remove_ratio_after
realworld_completed,rt_retweet,SASB-matched,matched,20260513,0,early,49--92,64,0a5ac2e45c5ade101a7bccbbda86b38fefebff33f7af1cb9286b60e6b209914f,"theory.candidate_features(conservative, delta_mode=none)",32,32,32,"[""39"", ""49"", ""69"", ""59"", ""0"", ""34"", ""46"", ""67"", ""51"", ""78"", ""14"", ""92"", ""45"", ""20"", ""22"", ""72"", ""60"", ""21"", ""24"", ""35"", ""42"", ""71"", ""90"", ""6"", ""57"", ""4"", ""19"", ""47"", ""70"", ""32"", ""89"", ""17""]","{""matched_boundary"": 12, ""matched_degree_core"": 10, ""matched_random_fill"": 10}","{""degree_0_1"": 8, ""degree_2"": 2, ""degree_3_4"": 11, ""degree_5_8"": 8, ""degree_9_plus"": 3}","{""0"": 5, ""1"": 3, ""2"": 3, ""3"": 6, ""4"": 4, ""5"": 4, ""6"": 6, ""7"": 1}",1.0,1.0,0.0,1,1,0,1,17,8,136,0,0.0,1606.5,0.0,0.008547008547008548
realworld_completed,rt_retweet,SASB-matched,matched,20260513,1,early,69--92,64,781bc8ab5fed973e8cb5dcc961ddc3dafdf4848ae1cbf7ac18725e44a624314e,"theory.candidate_features(conservative, delta_mode=none)",32,32,32,"[""87"", ""49"", ""69"", ""39"", ""0"", ""46"", ""20"", ""67"", ""51"", ""78"", ""60"", ""92"", ""45"", ""48"", ""34"", ""72"", ""24"", ""14"", ""2"", ""35"", ""21"", ""71"", ""90"", ""66"", ""9"", ""70"", ""37"", ""88"", ""4"", ""91"", ""74"", ""54""]","{""matched_boundary"": 12, ""matched_degree_core"": 10, ""matched_random_fill"": 10}","{""degree_0_1"": 7, ""degree_2"": 3, ""degree_3_4"": 9, ""degree_5_8"": 9, ""degree_9_plus"": 4}","{""0"": 5, ""1"": 5, ""2"": 3, ""3"": 5, ""4"": 4, ""5"": 4, ""6"": 6}",1.0,1.0,0.0,1,1,0,1,9,7,63,0,0.0,1964.2714285714283,0.008547008547008548,0.017094017094017096
realworld_completed,rt_retweet,SASB-matched,matched,20260513,2,early,20--67,64,49be207d62f896de50bcd698c9823043fe65fe1756f45ffeea5083094cab8f90,"theory.candidate_features(conservative, delta_mode=none)",32,32,32,"[""87"", ""49"", ""39"", ""0"", ""46"", ""69"", ""67"", ""51"", ""78"", ""60"", ""20"", ""34"", ""45"", ""92"", ""21"", ""72"", ""24"", ""14"", ""2"", ""35"", ""44"", ""71"", ""1"", ""83"", ""57"", ""23"", ""4"", ""26"", ""17"", ""18"", ""12"", ""95""]","{""matched_boundary"": 12, ""matched_degree_core"": 10, ""matched_random_fill"": 10}","{""degree_0_1"": 8, ""degree_2"": 1, ""degree_3_4"": 11, ""degree_5_8"": 9, ""degree_9_plus"": 3}","{""0"": 6, ""1"": 4, ""2"": 4, ""3"": 4, ""4"": 5, ""5"": 4, ""6"": 3, ""7"": 2}",1.0,0.7916666666666666,0.20833333333333337,1,2,1,1,5,8,40,0,0.0,2928.0,0.017094017094017096,0.02564102564102564
realworld_completed,rt_retweet,SASB-matched,matched,20260513,3,early,39--45,64,f67538133e4d371b0007722ae7cf45bb847bef241746cc08f4d59999b7ac35d0,"theory.candidate_features(conservative, delta_mode=none)",32,32,32,"[""39"", ""49"", ""87"", ""46"", ""69"", ""45"", ""67"", ""51"", ""94"", ""60"", ""57"", ""44"", ""48"", ""0"", ""14"", ""2"", ""35"", ""21"", ""71"", ""72"", ""78"", ""24"", ""23"", ""81"", ""9"", ""52"", ""66"", ""18"", ""68"", ""43"", ""65"", ""56""]","{""matched_boundary"": 12, ""matched_degree_core"": 10, ""matched_random_fill"": 10}","{""degree_0_1"": 9, ""degree_2"": 1, ""degree_3_4"": 12, ""degree_5_8"": 7, ""degree_9_plus"": 3}","{""0"": 5, ""1"": 6, ""2"": 3, ""3"": 3, ""4"": 4, ""5"": 4, ""6"": 7}",0.7916666666666666,0.7916666666666666,0.0,2,2,0,1,11,5,55,0,0.0,1255.8095238095239,0.02564102564102564,0.03418803418803419
realworld_completed,rt_retweet,SASB-matched,matched,20260513,4,early,46--49,64,169b4436174c6381da602bdda501e25d14a836e83889d66371627bd954aa912e,"theory.candidate_features(conservative, delta_mode=none)",32,32,32,"[""87"", ""49"", ""46"", ""37"", ""69"", ""0"", ""51"", ""94"", ""60"", ""57"", ""72"", ""44"", ""67"", ""64"", ""14"", ""2"", ""35"", ""21"", ""24"", ""71"", ""78"", ""45"", ""22"", ""23"", ""41"", ""28"", ""38"", ""36"", ""50"", ""18"", ""19"", ""52""]","{""matched_boundary"": 12, ""matched_degree_core"": 10, ""matched_random_fill"": 10}","{""degree_0_1"": 10, ""degree_2"": 2, ""degree_3_4"": 13, ""degree_5_8"": 5, ""degree_9_plus"": 2}","{""0"": 7, ""1"": 6, ""2"": 2, ""3"": 3, ""4"": 4, ""5"": 3, ""6"": 7}",0.7916666666666666,0.7916666666666666,0.0,2,2,0,1,5,16,80,0,0.0,1236.1479166666668,0.03418803418803419,0.042735042735042736
realworld_completed,rt_retweet,SASB-matched,matched,20260513,5,early,51--69,64,d35d7bf3a5433298c38905b24d249d84f32c7b2caa48ada68a9353cc68dbb588,"theory.candidate_features(conservative, delta_mode=none)",32,32,32,"[""39"", ""49"", ""51"", ""87"", ""69"", ""0"", ""94"", ""14"", ""57"", ""44"", ""24"", ""35"", ""67"", ""64"", ""21"", ""2"", ""71"", ""60"", ""72"", ""45"", ""46"", ""78"", ""28"", ""74"", ""79"", ""23"", ""55"", ""58"", ""22"", ""19"", ""84"", ""50""]","{""matched_boundary"": 12, ""matched_degree_core"": 10, ""matched_random_fill"": 10}","{""degree_0_1"": 9, ""degree_2"": 2, ""degree_3_4"": 14, ""degree_5_8"": 4, ""degree_9_plus"": 3}","{""0"": 5, ""1"": 7, ""2"": 2, ""3"": 4, ""4"": 4, ""5"": 3, ""6"": 7}",0.7916666666666666,0.7916666666666666,0.0,2,2,0,0,8,8,64,1,0.14285714285714285,1490.4312500000005,0.042735042735042736,0.05128205128205128
realworld_completed,rt_retweet,SASB-matched,matched,20260513,6,early,46--69,64,e238ffb629f7a2b456ce1adbc0b5985fc2bd7480e6b67b7a6dccce0c320fd6f1,"theory.candidate_features(conservative, delta_mode=none)",32,32,32,"[""39"", ""49"", ""51"", ""87"", ""69"", ""0"", ""94"", ""60"", ""57"", ""44"", ""71"", ""24"", ""67"", ""52"", ""14"", ""2"", ""35"", ""21"", ""72"", ""46"", ""78"", ""45"", ""58"", ""5"", ""55"", ""47"", ""15"", ""40"", ""86"", ""84"", ""65"", ""89""]","{""matched_boundary"": 12, ""matched_degree_core"": 10, ""matched_random_fill"": 10}","{""degree_0_1"": 10, ""degree_2"": 1, ""degree_3_4"": 14, ""degree_5_8"": 4, ""degree_9_plus"": 3}","{""0"": 5, ""1"": 5, ""2"": 3, ""3"": 5, ""4"": 7, ""5"": 3, ""6"": 4}",0.7916666666666666,0.7916666666666666,0.0,2,2,0,1,4,7,28,0,0.0,1942.3918650793648,0.05128205128205128,0.05982905982905983
realworld_completed,rt_retweet,SASB-matched,matched,20260513,7,early,35--62,64,4133fcc8b7da483792865e3c2d521cd34ff3d23d0dafd83068f4000030d023d9,"theory.candidate_features(conservative, delta_mode=none)",32,32,32,"[""87"", ""39"", ""51"", ""49"", ""69"", ""0"", ""94"", ""14"", ""57"", ""44"", ""71"", ""21"", ""67"", ""64"", ""24"", ""35"", ""60"", ""78"", ""2"", ""72"", ""45"", ""46"", ""43"", ""84"", ""5"", ""36"", ""93"", ""18"", ""66"", ""89"", ""16"", ""40""]","{""matched_boundary"": 12, ""matched_degree_core"": 10, ""matched_random_fill"": 10}","{""degree_0_1"": 8, ""degree_2"": 3, ""degree_3_4"": 14, ""degree_5_8"": 4, ""degree_9_plus"": 3}","{""0"": 6, ""1"": 5, ""2"": 4, ""3"": 5, ""4"": 3, ""5"": 3, ""6"": 6}",0.7916666666666666,0.53125,0.26041666666666663,2,3,1,0,4,2,8,0,0.0,2455.75,0.05982905982905983,0.06837606837606838
realworld_completed,rt_retweet,SASB-matched,matched,20260513,8,early,60--87,61,616b7926afe4e3a71db28f739c7c4d85b25fb4b94e74c40441c3d2f6d87bd31a,"theory.candidate_features(conservative, delta_mode=none)",32,32,32,"[""87"", ""49"", ""0"", ""67"", ""35"", ""94"", ""57"", ""69"", ""60"", ""44"", ""21"", ""14"", ""78"", ""45"", ""56"", ""5"", ""32"", ""64"", ""61"", ""79"", ""66"", ""31"", ""90"", ""86"", ""59"", ""22"", ""19"", ""38"", ""9"", ""41"", ""30"", ""82""]","{""matched_boundary"": 12, ""matched_degree_core"": 10, ""matched_random_fill"": 10}","{""degree_0_1"": 10, ""degree_2"": 8, ""degree_3_4"": 9, ""degree_5_8"": 3, ""degree_9_plus"": 2}","{""0"": 7, ""1"": 4, ""2"": 5, ""3"": 3, ""4"": 5, ""5"": 3, ""6"": 5}",0.53125,0.53125,0.0,3,3,0,1,4,9,36,0,0.0,677.875,0.06837606837606838,0.07692307692307693
realworld_completed,rt_retweet,SASB-matched,matched,20260513,9,early,21--64,60,be3b4fbba18f0b452f64888bb80a0bd37bb09acc85279c8c4791891b229e1e19,"theory.candidate_features(conservative, delta_mode=none)",32,32,32,"[""89"", ""48"", ""0"", ""87"", ""94"", ""78"", ""57"", ""67"", ""69"", ""21"", ""14"", ""44"", ""35"", ""45"", ""60"", ""61"", ""66"", ""5"", ""32"", ""64"", ""10"", ""79"", ""40"", ""23"", ""38"", ""41"", ""59"", ""30"", ""91"", ""83"", ""80"", ""65""]","{""matched_boundary"": 12, ""matched_degree_core"": 10, ""matched_random_fill"": 10}","{""degree_0_1"": 11, ""degree_2"": 7, ""degree_3_4"": 9, ""degree_5_8"": 5}","{""0"": 7, ""1"": 4, ""2"": 4, ""3"": 3, ""4"": 4, ""5"": 6, ""6"": 4}",0.53125,0.53125,0.0,3,3,0,0,3,2,6,0,0.0,749.3281249999999,0.07692307692307693,0.08547008547008547
realworld_completed,rt_retweet,SASB-matched,matched,20260513,10,early,32--67,59,01b9456b8a3592951f9e374211480ec8458640f0afd3ddd9ad471d7939a303a2,"theory.candidate_features(conservative, delta_mode=none)",32,32,32,"[""23"", ""0"", ""69"", ""48"", ""78"", ""94"", ""57"", ""67"", ""87"", ""44"", ""45"", ""61"", ""35"", ""14"", ""60"", ""5"", ""32"", ""66"", ""21"", ""31"", ""79"", ""10"", ""74"", ""91"", ""18"", ""19"", ""30"", ""40"", ""43"", ""86"", ""83"", ""29""]","{""matched_boundary"": 12, ""matched_degree_core"": 10, ""matched_random_fill"": 10}","{""degree_0_1"": 11, ""degree_2"": 8, ""degree_3_4"": 8, ""degree_5_8"": 5}","{""0"": 4, ""1"": 5, ""2"": 6, ""3"": 3, ""4"": 6, ""5"": 5, ""6"": 3}",0.53125,0.34375,0.1875,3,4,1,1,2,7,14,0,0.0,1252.6875,0.08547008547008547,0.09401709401709402
realworld_completed,rt_retweet,SASB-matched,matched,20260513,11,early,49--87,41,8612520d325b8e3e6fb7aee7bc14b8dd028282a9d16443dbb4fc4f435ab66ae6,"theory.candidate_features(conservative, delta_mode=none)",32,32,32,"[""10"", ""67"", ""0"", ""87"", ""78"", ""94"", ""57"", ""69"", ""82"", ""21"", ""45"", ""31"", ""40"", ""80"", ""91"", ""41"", ""63"", ""73"", ""65"", ""84"", ""30"", ""59"", ""18"", ""83"", ""9"", ""23"", ""89"", ""29"", ""56"", ""38"", ""36"", ""58""]","{""matched_boundary"": 12, ""matched_degree_core"": 10, ""matched_random_fill"": 10}","{""degree_0_1"": 20, ""degree_2"": 4, ""degree_3_4"": 4, ""degree_5_8"": 4}","{""0"": 5, ""1"": 8, ""2"": 7, ""3"": 7, ""4"": 5}",0.34375,0.34375,0.0,4,4,0,1,15,8,120,2,0.2857142857142857,259.875,0.09401709401709402,0.10256410256410256
realworld_completed,rt_retweet,SASB-matched,matched,20260513,12,early,45--87,40,08e3eb7ea2e84101732eb343ad877215c8a65cbc230426b4f3d4b02277ea4eaf,"theory.candidate_features(conservative, delta_mode=none)",32,32,32,"[""10"", ""69"", ""0"", ""67"", ""78"", ""94"", ""57"", ""87"", ""82"", ""21"", ""45"", ""31"", ""18"", ""40"", ""41"", ""91"", ""89"", ""83"", ""58"", ""84"", ""63"", ""59"", ""80"", ""36"", ""38"", ""29"", ""56"", ""73"", ""30"", ""9"", ""23"", ""65""]","{""matched_boundary"": 12, ""matched_degree_core"": 10, ""matched_random_fill"": 10}","{""degree_0_1"": 20, ""degree_2"": 4, ""degree_3_4"": 4, ""degree_5_8"": 4}","{""0"": 5, ""1"": 8, ""2"": 7, ""3"": 7, ""4"": 5}",0.34375,0.34375,0.0,4,4,0,1,4,7,28,0,0.0,234.60937500000003,0.10256410256410256,0.1111111111111111
realworld_completed,rt_retweet,SASB-matched,matched,20260513,13,early,49--78,39,4d9885d0091b3e85bb52f65fd295f5d83732e72028eab31d22e55646ab1cbd00,"theory.candidate_features(conservative, delta_mode=none)",32,32,32,"[""23"", ""0"", ""67"", ""78"", ""57"", ""69"", ""87"", ""94"", ""31"", ""10"", ""45"", ""82"", ""21"", ""9"", ""41"", ""30"", ""63"", ""73"", ""58"", ""84"", ""29"", ""59"", ""38"", ""40"", ""91"", ""18"", ""65"", ""36"", ""56"", ""89"", ""80"", ""83""]","{""matched_boundary"": 12, ""matched_degree_core"": 10, ""matched_random_fill"": 10}","{""degree_0_1"": 20, ""degree_2"": 4, ""degree_3_4"": 4, ""degree_5_8"": 4}","{""0"": 5, ""1"": 8, ""2"": 7, ""3"": 7, ""4"": 5}",0.34375,0.34375,0.0,4,4,0,1,14,3,42,0,0.0,370.21875000000006,0.1111111111111111,0.11965811965811966
realworld_completed,rt_retweet,SASB-matched,matched,20260513,14,early,57--94,38,cc43665c13df962c68da8c1809befc66d0d1e5640699cac49d574612569e1f26,"theory.candidate_features(conservative, delta_mode=none)",32,32,32,"[""89"", ""0"", ""87"", ""94"", ""67"", ""69"", ""57"", ""82"", ""10"", ""31"", ""45"", ""21"", ""78"", ""40"", ""63"", ""91"", ""29"", ""73"", ""65"", ""80"", ""30"", ""59"", ""18"", ""23"", ""41"", ""36"", ""58"", ""38"", ""56"", ""84"", ""9"", ""83""]","{""matched_boundary"": 12, ""matched_degree_core"": 10, ""matched_random_fill"": 10}","{""degree_0_1"": 20, ""degree_2"": 5, ""degree_3_4"": 3, ""degree_5_8"": 4}","{""0"": 5, ""1"": 8, ""2"": 7, ""3"": 7, ""4"": 5}",0.34375,0.2604166666666667,0.08333333333333331,4,5,1,0,4,3,12,0,0.0,464.0625,0.11965811965811966,0.1282051282051282
realworld_completed,rt_retweet,SASB-matched,matched,20260513,15,early,39--72,28,fa1bd2b2b1a79fd5b4af5cb8f6c364617f0a4c8ec265c0c0ed6b5e2e9898017e,"theory.candidate_features(conservative, delta_mode=none)",32,25,25,"[""68"", ""77"", ""46"", ""71"", ""72"", ""2"", ""53"", ""76"", ""37"", ""4"", ""39"", ""47"", ""62"", ""55"", ""12"", ""50"", ""88"", ""81"", ""93"", ""1"", ""15"", ""28"", ""16"", ""24"", ""51""]","{""matched_boundary"": 10, ""matched_degree_core"": 7, ""matched_random_fill"": 8}","{""degree_0_1"": 14, ""degree_2"": 4, ""degree_3_4"": 5, ""degree_5_8"": 1, ""degree_9_plus"": 1}","{""0"": 7, ""1"": 8, ""2"": 5, ""3"": 5}",0.2604166666666667,0.23958333333333334,0.020833333333333343,5,6,1,1,10,4,40,0,0.0,200.0,0.1282051282051282,0.13675213675213677
realworld_completed,rt_retweet,SASB-matched,matched,20260513,16,early,49--57,28,90d6617671ed479a29b849fa7459cbaf09fd555245565b2a59250ff14702dec4,"theory.candidate_features(conservative, delta_mode=none)",32,23,23,"[""30"", ""0"", ""67"", ""69"", ""57"", ""45"", ""21"", ""31"", ""10"", ""58"", ""89"", ""29"", ""83"", ""65"", ""91"", ""38"", ""56"", ""73"", ""41"", ""36"", ""63"", ""23"", ""49""]","{""matched_boundary"": 9, ""matched_degree_core"": 7, ""matched_random_fill"": 7}","{""degree_0_1"": 14, ""degree_2"": 3, ""degree_3_4"": 2, ""degree_5_8"": 3, ""degree_9_plus"": 1}","{""0"": 7, ""1"": 2, ""2"": 7, ""3"": 7}",0.23958333333333334,0.23958333333333334,0.0,6,6,0,1,13,3,39,0,0.0,85.99999999999999,0.13675213675213677,0.1452991452991453
realworld_completed,rt_retweet,SASB-matched,matched,20260513,17,early,67--69,27,a9d7eaece84a14005a9f19180ce21e3335ec7de957e17886277216215ea72274,"theory.candidate_features(conservative, delta_mode=none)",32,23,23,"[""30"", ""0"", ""67"", ""69"", ""36"", ""57"", ""10"", ""21"", ""31"", ""29"", ""89"", ""63"", ""83"", ""58"", ""91"", ""38"", ""56"", ""73"", ""23"", ""41"", ""65"", ""49"", ""45""]","{""matched_boundary"": 9, ""matched_degree_core"": 7, ""matched_random_fill"": 7}","{""degree_0_1"": 14, ""degree_2"": 4, ""degree_3_4"": 1, ""degree_5_8"": 3, ""degree_9_plus"": 1}","{""0"": 7, ""1"": 2, ""2"": 7, ""3"": 7}",0.23958333333333334,0.23958333333333334,0.0,6,6,0,1,6,6,36,0,0.0,140.0,0.1452991452991453,0.15384615384615385
realworld_completed,rt_retweet,SASB-matched,matched,20260513,18,early,21--49,26,3859e436d2d6a18ca1c579397bcbded93e15d39533aea2743632891ce2e48e38,"theory.candidate_features(conservative, delta_mode=none)",32,23,23,"[""29"", ""67"", ""0"", ""36"", ""57"", ""10"", ""21"", ""58"", ""31"", ""89"", ""41"", ""63"", ""83"", ""65"", ""91"", ""38"", ""30"", ""73"", ""56"", ""23"", ""69"", ""45"", ""49""]","{""matched_boundary"": 9, ""matched_degree_core"": 7, ""matched_random_fill"": 7}","{""degree_0_1"": 14, ""degree_2"": 4, ""degree_3_4"": 1, ""degree_5_8"": 3, ""degree_9_plus"": 1}","{""0"": 7, ""1"": 2, ""2"": 7, ""3"": 7}",0.23958333333333334,0.20833333333333334,0.03125,6,7,1,1,2,12,24,0,0.0,224.0,0.15384615384615385,0.1623931623931624
realworld_completed,rt_retweet,SASB-matched,matched,20260513,19,early,39--51,23,3dcb5d4b1cc0a28a57f173f62564180e8ff2c789d37f43ced834b7f143c1518f,"theory.candidate_features(conservative, delta_mode=none)",32,20,20,"[""50"", ""2"", ""46"", ""24"", ""71"", ""76"", ""37"", ""81"", ""39"", ""93"", ""55"", ""88"", ""1"", ""28"", ""77"", ""47"", ""68"", ""15"", ""51"", ""53""]","{""matched_boundary"": 8, ""matched_degree_core"": 6, ""matched_random_fill"": 6}","{""degree_0_1"": 11, ""degree_2"": 3, ""degree_3_4"": 4, ""degree_5_8"": 1, ""degree_9_plus"": 1}","{""0"": 5, ""1"": 2, ""2"": 7, ""3"": 6}",0.20833333333333334,0.20833333333333334,0.0,7,7,0,1,9,7,63,1,0.16666666666666666,116.0,0.1623931623931624,0.17094017094017094
realworld_completed,rt_retweet,SASB-matched,matched,20260513,20,early,2--39,22,5a456c352074e4f81c561a9ac28a7c71e417491d52cc4be764e6b98323a34c42,"theory.candidate_features(conservative, delta_mode=none)",32,20,20,"[""51"", ""39"", ""46"", ""24"", ""71"", ""76"", ""53"", ""2"", ""37"", ""93"", ""55"", ""81"", ""77"", ""28"", ""50"", ""1"", ""15"", ""47"", ""68"", ""88""]","{""matched_boundary"": 8, ""matched_degree_core"": 6, ""matched_random_fill"": 6}","{""degree_0_1"": 11, ""degree_2"": 3, ""degree_3_4"": 4, ""degree_5_8"": 2}","{""0"": 5, ""1"": 2, ""2"": 7, ""3"": 6}",0.20833333333333334,0.20833333333333334,0.0,7,7,0,1,3,8,24,0,0.0,129.0,0.17094017094017094,0.1794871794871795
realworld_completed,rt_retweet,SASB-matched,matched,20260513,21,early,46--71,21,211259bd4291771ee651d4355acdd92517c2ff7e79db3f466f510b47140dda95,"theory.candidate_features(conservative, delta_mode=none)",32,20,20,"[""51"", ""39"", ""46"", ""71"", ""53"", ""37"", ""81"", ""76"", ""2"", ""93"", ""55"", ""50"", ""88"", ""28"", ""1"", ""47"", ""15"", ""68"", ""77"", ""24""]","{""matched_boundary"": 8, ""matched_degree_core"": 6, ""matched_random_fill"": 6}","{""degree_0_1"": 11, ""degree_2"": 4, ""degree_3_4"": 3, ""degree_5_8"": 2}","{""0"": 5, ""1"": 2, ""2"": 7, ""3"": 6}",0.20833333333333334,0.20833333333333334,0.0,7,8,1,0,3,4,12,0,0.0,198.0,0.1794871794871795,0.18803418803418803
realworld_completed,rt_retweet,SASB-matched,matched,20260513,22,early,6--92,20,2031f8bd7dcd57340383a60992488effbcc53bb55950df7a7af723d5abdd65cb,"theory.candidate_features(conservative, delta_mode=none)",32,20,20,"[""34"", ""92"", ""42"", ""20"", ""6"", ""33"", ""3"", ""7"", ""75"", ""17"", ""95"", ""54"", ""26"", ""27"", ""25"", ""11"", ""70"", ""8"", ""85"", ""13""]","{""matched_boundary"": 8, ""matched_degree_core"": 6, ""matched_random_fill"": 6}","{""degree_0_1"": 13, ""degree_2"": 1, ""degree_3_4"": 4, ""degree_5_8"": 2}","{""0"": 5, ""1"": 4, ""2"": 4, ""3"": 4, ""4"": 3}",0.20833333333333334,0.1875,0.020833333333333343,8,9,1,1,4,6,24,0,0.0,150.0,0.18803418803418803,0.19658119658119658
realworld_completed,rt_retweet,SASB-matched,matched,20260513,23,early,48--60,17,a99b6e8a4cf33ad1106bf3e7e5278f6a06ac105a92866caddf2ec443f9ed09d1,"theory.candidate_features(conservative, delta_mode=none)",32,18,18,"[""19"", ""60"", ""44"", ""14"", ""66"", ""35"", ""79"", ""5"", ""61"", ""43"", ""64"", ""74"", ""90"", ""86"", ""32"", ""52"", ""22"", ""48""]","{""matched_boundary"": 7, ""matched_degree_core"": 5, ""matched_random_fill"": 6}","{""degree_0_1"": 9, ""degree_2"": 4, ""degree_3_4"": 4, ""degree_5_8"": 1}","{""0"": 3, ""1"": 4, ""2"": 5, ""3"": 6}",0.1875,0.16666666666666666,0.020833333333333343,9,10,1,1,5,3,15,0,0.0,162.0,0.19658119658119658,0.20512820512820512
realworld_completed,rt_retweet,SASB-matched,matched,20260513,24,early,0--49,19,11d5cda9a7501f0d78c15c711b8392fbba29d4585570573291c1a3c48f30085c,"theory.candidate_features(conservative, delta_mode=none)",32,16,16,"[""29"", ""0"", ""67"", ""73"", ""31"", ""10"", ""63"", ""41"", ""89"", ""83"", ""30"", ""91"", ""23"", ""36"", ""45"", ""49""]","{""matched_boundary"": 6, ""matched_degree_core"": 5, ""matched_random_fill"": 5}","{""degree_0_1"": 10, ""degree_2"": 2, ""degree_3_4"": 1, ""degree_5_8"": 2, ""degree_9_plus"": 1}","{""0"": 4, ""1"": 2, ""2"": 3, ""3"": 7}",0.16666666666666666,0.16666666666666666,0.0,10,10,0,1,5,11,55,2,0.5,57.0,0.20512820512820512,0.21367521367521367
realworld_completed,rt_retweet,SASB-matched,matched,20260513,25,early,49--67,18,a0f0285670088e7fb48dc11b2619fdc5b3c0b4aa253e150d7d3d59c3cf8bdf33,"theory.candidate_features(conservative, delta_mode=none)",32,16,16,"[""29"", ""36"", ""0"", ""45"", ""31"", ""10"", ""41"", ""91"", ""63"", ""73"", ""89"", ""30"", ""23"", ""83"", ""67"", ""49""]","{""matched_boundary"": 6, ""matched_degree_core"": 5, ""matched_random_fill"": 5}","{""degree_0_1"": 10, ""degree_2"": 2, ""degree_3_4"": 2, ""degree_5_8"": 1, ""degree_9_plus"": 1}","{""0"": 4, ""1"": 2, ""2"": 3, ""3"": 7}",0.16666666666666666,0.16666666666666666,0.0,10,10,0,1,10,5,50,2,0.5,63.0,0.21367521367521367,0.2222222222222222
realworld_completed,rt_retweet,SASB-matched,matched,20260513,26,early,45--49,17,0d9e282518fc89d512d3c00729998a0949b4d7f21ea68ee716a7f520f55df363,"theory.candidate_features(conservative, delta_mode=none)",32,16,16,"[""41"", ""45"", ""0"", ""67"", ""31"", ""10"", ""29"", ""91"", ""89"", ""23"", ""63"", ""30"", ""83"", ""73"", ""36"", ""49""]","{""matched_boundary"": 6, ""matched_degree_core"": 5, ""matched_random_fill"": 5}","{""degree_0_1"": 10, ""degree_2"": 2, ""degree_3_4"": 3, ""degree_9_plus"": 1}","{""0"": 4, ""1"": 2, ""2"": 3, ""3"": 7}",0.16666666666666666,0.16666666666666666,0.0,10,10,0,1,3,9,27,0,0.0,91.0,0.2222222222222222,0.23076923076923078
realworld_completed,rt_retweet,SASB-matched,matched,20260513,27,early,31--49,16,710feaa1c284fb0552dbf7537ee3a222404b06c1cd6c1491c124309ea36238cb,"theory.candidate_features(conservative, delta_mode=none)",32,16,16,"[""41"", ""0"", ""67"", ""31"", ""10"", ""73"", ""36"", ""63"", ""29"", ""91"", ""30"", ""89"", ""83"", ""23"", ""49"", ""45""]","{""matched_boundary"": 6, ""matched_degree_core"": 5, ""matched_random_fill"": 5}","{""degree_0_1"": 10, ""degree_2"": 3, ""degree_3_4"": 2, ""degree_5_8"": 1}","{""0"": 4, ""1"": 2, ""2"": 3, ""3"": 7}",0.16666666666666666,0.15625,0.010416666666666657,10,11,1,1,2,8,16,0,0.0,126.0,0.23076923076923078,0.23931623931623933
realworld_completed,rt_retweet,SASB-matched,matched,20260513,28,early,20--92,15,101fd27f9de7c30d94fdf45a0dcbe36328145917141707fbedfa274cc5fc421e,"theory.candidate_features(conservative, delta_mode=none)",32,15,15,"[""34"", ""92"", ""42"", ""20"", ""33"", ""7"", ""25"", ""17"", ""54"", ""27"", ""8"", ""11"", ""85"", ""70"", ""75""]","{""matched_boundary"": 6, ""matched_degree_core"": 4, ""matched_random_fill"": 5}","{""degree_0_1"": 10, ""degree_3_4"": 3, ""degree_5_8"": 2}","{""0"": 4, ""1"": 4, ""2"": 3, ""3"": 4}",0.15625,0.11458333333333333,0.04166666666666667,11,12,1,1,4,5,20,0,0.0,88.0,0.23931623931623933,0.24786324786324787
realworld_completed,rt_retweet,SASB-matched,matched,20260513,29,early,39--76,12,0b0af1aa7c028ec5fd2a27ee3ae7f3c78697a388ab398fd54b9ac5a4656a493e,"theory.candidate_features(conservative, delta_mode=none)",32,11,11,"[""81"", ""71"", ""24"", ""53"", ""76"", ""37"", ""68"", ""28"", ""50"", ""55"", ""39""]","{""matched_boundary"": 4, ""matched_degree_core"": 3, ""matched_random_fill"": 4}","{""degree_0_1"": 5, ""degree_2"": 3, ""degree_3_4"": 2, ""degree_5_8"": 1}","{""0"": 2, ""1"": 3, ""2"": 3, ""3"": 3}",0.11458333333333333,0.11458333333333333,0.0,12,13,1,1,7,2,14,0,0.0,36.0,0.24786324786324787,0.2564102564102564
realworld_completed,rt_retweet,SASB-matched,matched,20260513,30,early,42--92,11,b984f7e86ea130e6847e0e481b285b044d8fb1e00d24ee8e4e47a3c72903f9b1,"theory.candidate_features(conservative, delta_mode=none)",32,11,11,"[""7"", ""33"", ""92"", ""85"", ""8"", ""54"", ""27"", ""70"", ""11"", ""42"", ""34""]","{""matched_boundary"": 4, ""matched_degree_core"": 3, ""matched_random_fill"": 4}","{""degree_0_1"": 7, ""degree_3_4"": 3, ""degree_5_8"": 1}","{""0"": 4, ""1"": 4, ""2"": 3}",0.11458333333333333,0.10416666666666667,0.010416666666666657,13,14,1,1,3,4,12,0,0.0,48.0,0.2564102564102564,0.26495726495726496
realworld_completed,rt_retweet,SASB-matched,matched,20260513,31,early,78--87,9,01229568264073ac17e8fa152a7a2bb6c6e4208a7bd2d4ed6e6c08ac58be2140,"theory.candidate_features(conservative, delta_mode=none)",32,10,10,"[""18"", ""94"", ""78"", ""82"", ""84"", ""80"", ""9"", ""40"", ""59"", ""87""]","{""matched_boundary"": 4, ""matched_degree_core"": 3, ""matched_random_fill"": 3}","{""degree_0_1"": 6, ""degree_2"": 3, ""degree_5_8"": 1}","{""0"": 3, ""1"": 2, ""2"": 5}",0.10416666666666667,0.09375,0.010416666666666671,14,15,1,1,2,6,12,0,0.0,42.0,0.26495726495726496,0.27350427350427353
realworld_completed,rt_retweet,SASB-matched,matched,20260513,32,early,24--39,10,517b7c46d2cd6a5cc342750183f185747fe806e1472eee4b41671ea063239d92,"theory.candidate_features(conservative, delta_mode=none)",32,9,9,"[""28"", ""71"", ""24"", ""53"", ""37"", ""81"", ""55"", ""50"", ""39""]","{""matched_boundary"": 3, ""matched_degree_core"": 3, ""matched_random_fill"": 3}","{""degree_0_1"": 4, ""degree_2"": 2, ""degree_3_4"": 2, ""degree_5_8"": 1}","{""0"": 3, ""1"": 3, ""2"": 3}",0.09375,0.09375,0.0,15,15,0,1,3,6,18,1,0.5,24.0,0.27350427350427353,0.28205128205128205
realworld_completed,rt_retweet,SASB-matched,matched,20260513,33,early,39--53,9,a23b64c4a1bf0bcb38381a863ee795b89cae775461d52defcaca5539e56ab178,"theory.candidate_features(conservative, delta_mode=none)",32,9,9,"[""28"", ""55"", ""24"", ""53"", ""37"", ""81"", ""50"", ""39"", ""71""]","{""matched_boundary"": 3, ""matched_degree_core"": 3, ""matched_random_fill"": 3}","{""degree_0_1"": 4, ""degree_2"": 3, ""degree_3_4"": 1, ""degree_5_8"": 1}","{""0"": 3, ""1"": 3, ""2"": 3}",0.09375,0.09375,0.0,15,16,1,1,5,2,10,0,0.0,36.0,0.28205128205128205,0.2905982905982906
realworld_completed,rt_retweet,SASB-matched,matched,20260513,34,early,10--49,8,8ad9ed66c44e821a29260d42615c9ceb33b9a3593c92973675b55cb2b995c6d4,"theory.candidate_features(conservative, delta_mode=none)",32,9,9,"[""91"", ""23"", ""63"", ""89"", ""41"", ""29"", ""30"", ""49"", ""10""]","{""matched_boundary"": 3, ""matched_degree_core"": 3, ""matched_random_fill"": 3}","{""degree_0_1"": 7, ""degree_2"": 1, ""degree_5_8"": 1}","{""0"": 7, ""1"": 2}",0.09375,0.09375,0.0,16,17,1,1,2,7,14,0,0.0,28.0,0.2905982905982906,0.29914529914529914
realworld_completed,rt_retweet,SASB-matched,matched,20260513,35,early,35--79,8,cd1719e9d64e9c4ace6ba3a16f49a5d5b9180719eb5d5213e1c410d0d65cb6ea,"theory.candidate_features(conservative, delta_mode=none)",32,9,9,"[""44"", ""35"", ""60"", ""79"", ""5"", ""32"", ""74"", ""86"", ""22""]","{""matched_boundary"": 3, ""matched_degree_core"": 3, ""matched_random_fill"": 3}","{""degree_0_1"": 4, ""degree_2"": 3, ""degree_3_4"": 2}","{""0"": 3, ""1"": 3, ""2"": 3}",0.09375,0.09375,0.0,17,18,1,1,3,2,6,0,0.0,36.0,0.29914529914529914,0.3076923076923077
realworld_completed,rt_retweet,SASB-matched,matched,20260513,36,early,2--51,8,59b914a73df9a3c5ef2a37c308b3c5bdb2ba9007e8a5a76b26b9aaf284cce524,"theory.candidate_features(conservative, delta_mode=none)",32,9,9,"[""47"", ""46"", ""2"", ""77"", ""88"", ""1"", ""15"", ""93"", ""51""]","{""matched_boundary"": 3, ""matched_degree_core"": 3, ""matched_random_fill"": 3}","{""degree_0_1"": 6, ""degree_2"": 2, ""degree_5_8"": 1}","{""0"": 2, ""1"": 2, ""2"": 5}",0.09375,0.09375,0.0,18,19,1,1,2,6,12,0,0.0,28.0,0.3076923076923077,0.3162393162393162
realworld_completed,rt_retweet,SASB-matched,matched,20260513,37,early,14--48,8,259a62fae3795ae5ea226f9f7693cfb370700af626551c6d2b44181f1b58c3aa,"theory.candidate_features(conservative, delta_mode=none)",32,9,9,"[""14"", ""48"", ""61"", ""66"", ""52"", ""19"", ""90"", ""64"", ""43""]","{""matched_boundary"": 3, ""matched_degree_core"": 3, ""matched_random_fill"": 3}","{""degree_0_1"": 5, ""degree_2"": 2, ""degree_3_4"": 2}","{""0"": 4, ""1"": 2, ""2"": 3}",0.09375,0.08333333333333333,0.010416666666666671,19,20,1,1,3,4,12,0,0.0,40.0,0.3162393162393162,0.3247863247863248
realworld_completed,rt_retweet,SASB-matched,matched,20260513,38,early,33--34,8,c1dd8c565d437030e38af34e5154dfe9015c3bcdbe8ebc6bf6425313b452091c,"theory.candidate_features(conservative, delta_mode=none)",32,8,8,"[""7"", ""92"", ""33"", ""8"", ""54"", ""27"", ""11"", ""34""]","{""matched_boundary"": 3, ""matched_degree_core"": 2, ""matched_random_fill"": 3}","{""degree_0_1"": 5, ""degree_3_4"": 2, ""degree_5_8"": 1}","{""0"": 2, ""1"": 4, ""2"": 2}",0.08333333333333333,0.08333333333333333,0.0,20,20,0,1,3,5,15,1,0.5,16.0,0.3247863247863248,0.3333333333333333
realworld_completed,rt_retweet,SASB-matched,matched,20260513,39,middle,34--92,7,abc514848457242716bfec1fd39a1c1debe626399da31b24a044c09c6cb08b7d,"theory.candidate_features(conservative, delta_mode=none)",32,8,8,"[""34"", ""92"", ""54"", ""8"", ""7"", ""27"", ""11"", ""33""]","{""matched_boundary"": 3, ""matched_degree_core"": 2, ""matched_random_fill"": 3}","{""degree_0_1"": 5, ""degree_2"": 1, ""degree_3_4"": 2}","{""0"": 2, ""1"": 4, ""2"": 2}",0.08333333333333333,0.07291666666666667,0.010416666666666657,20,21,1,1,4,3,12,0,0.0,32.0,0.3333333333333333,0.3418803418803419
realworld_completed,rt_retweet,SASB-matched,matched,20260513,40,middle,0--67,7,dfeb622e4cd721872da5945302eb95a09967fc61d90b0475a65d2b20b51ed02a,"theory.candidate_features(conservative, delta_mode=none)",32,7,7,"[""0"", ""67"", ""83"", ""36"", ""31"", ""45"", ""73""]","{""matched_boundary"": 2, ""matched_degree_core"": 2, ""matched_random_fill"": 3}","{""degree_0_1"": 4, ""degree_2"": 1, ""degree_3_4"": 2}","{""0"": 4, ""1"": 3}",0.07291666666666667,0.07291666666666667,0.0,21,21,0,1,4,4,16,1,0.3333333333333333,18.0,0.3418803418803419,0.3504273504273504
realworld_completed,rt_retweet,SASB-matched,matched,20260513,41,middle,0--45,6,2a9555188fca34aecd1b34f48ad585afe5c4489d1303e8c46efae5cba391d456,"theory.candidate_features(conservative, delta_mode=none)",32,7,7,"[""0"", ""73"", ""67"", ""36"", ""31"", ""45"", ""83""]","{""matched_boundary"": 2, ""matched_degree_core"": 2, ""matched_random_fill"": 3}","{""degree_0_1"": 4, ""degree_2"": 1, ""degree_3_4"": 2}","{""0"": 4, ""1"": 3}",0.07291666666666667,0.07291666666666667,0.0,21,22,1,0,3,2,6,0,0.0,24.0,0.3504273504273504,0.358974358974359
realworld_completed,rt_retweet,SASB-matched,matched,20260513,42,middle,29--49,6,c372462e5cb34e43746b297953b23b0d46aa630d0c272a4c2b3fc71ebf3a4c25,"theory.candidate_features(conservative, delta_mode=none)",32,7,7,"[""89"", ""41"", ""91"", ""29"", ""30"", ""63"", ""49""]","{""matched_boundary"": 2, ""matched_degree_core"": 2, ""matched_random_fill"": 3}","{""degree_0_1"": 6, ""degree_5_8"": 1}","{""0"": 7}",0.07291666666666667,0.07291666666666667,0.0,22,23,1,0,1,6,6,0,0.0,12.0,0.358974358974359,0.36752136752136755
realworld_completed,rt_retweet,SASB-matched,matched,20260513,43,middle,82--87,6,f79e4112149599c9505c741192810fefaf2545c512b48f24017852ba37195b77,"theory.candidate_features(conservative, delta_mode=none)",32,7,7,"[""18"", ""9"", ""84"", ""80"", ""40"", ""87"", ""82""]","{""matched_boundary"": 2, ""matched_degree_core"": 2, ""matched_random_fill"": 3}","{""degree_0_1"": 5, ""degree_2"": 1, ""degree_5_8"": 1}","{""0"": 2, ""1"": 5}",0.07291666666666667,0.07291666666666667,0.0,23,24,1,1,2,5,10,0,0.0,20.0,0.36752136752136755,0.37606837606837606
realworld_completed,rt_retweet,SASB-matched,matched,20260513,44,middle,57--69,6,9afd4110d93f0b4200342a19a44a7eecf9315ee4cca42b1f3c7a636f4d865d37,"theory.candidate_features(conservative, delta_mode=none)",32,7,7,"[""58"", ""56"", ""38"", ""65"", ""21"", ""69"", ""57""]","{""matched_boundary"": 2, ""matched_degree_core"": 2, ""matched_random_fill"": 3}","{""degree_0_1"": 5, ""degree_2"": 1, ""degree_5_8"": 1}","{""0"": 5, ""1"": 2}",0.07291666666666667,0.07291666666666667,0.0,24,25,1,1,2,5,10,0,0.0,20.0,0.37606837606837606,0.38461538461538464
realworld_completed,rt_retweet,SASB-matched,matched,20260513,45,middle,46--51,6,4162f687ab2d1fb957736fbf0988135270d5e97c6451472ed96ad9a74386c697,"theory.candidate_features(conservative, delta_mode=none)",32,7,7,"[""88"", ""15"", ""77"", ""1"", ""47"", ""51"", ""46""]","{""matched_boundary"": 2, ""matched_degree_core"": 2, ""matched_random_fill"": 3}","{""degree_0_1"": 5, ""degree_2"": 1, ""degree_5_8"": 1}","{""0"": 2, ""1"": 5}",0.07291666666666667,0.0625,0.010416666666666671,25,26,1,1,2,5,10,0,0.0,20.0,0.38461538461538464,0.39316239316239315
realworld_completed,rt_retweet,SASB-matched,matched,20260513,46,middle,39--71,6,7e5ba2cf246f526569dedb95a001dfb6b69193953f8c6743aac24d20764f8c1a,"theory.candidate_features(conservative, delta_mode=none)",32,6,6,"[""71"", ""39"", ""55"", ""81"", ""28"", ""37""]","{""matched_boundary"": 2, ""matched_degree_core"": 2, ""matched_random_fill"": 2}","{""degree_0_1"": 3, ""degree_2"": 1, ""degree_3_4"": 2}","{""0"": 3, ""1"": 3}",0.0625,0.0625,0.0,26,26,0,1,4,3,12,1,0.5,12.0,0.39316239316239315,0.4017094017094017
realworld_completed,rt_retweet,SASB-matched,matched,20260513,47,middle,37--39,5,99265dc93f60bda710d80c1acbc1735f7bbb2161e0eebf20ba102052872279b0,"theory.candidate_features(conservative, delta_mode=none)",32,6,6,"[""81"", ""71"", ""37"", ""55"", ""28"", ""39""]","{""matched_boundary"": 2, ""matched_degree_core"": 2, ""matched_random_fill"": 2}","{""degree_0_1"": 3, ""degree_2"": 2, ""degree_3_4"": 1}","{""0"": 3, ""1"": 3}",0.0625,0.0625,0.0,26,27,1,1,2,3,6,0,0.0,18.0,0.4017094017094017,0.41025641025641024
realworld_completed,rt_retweet,SASB-matched,matched,20260513,48,middle,30--49,5,caaa606bbc4b6779795dd7213b1ca37d5ba79952522379cbcb84d1677803e849,"theory.candidate_features(conservative, delta_mode=none)",32,6,6,"[""91"", ""63"", ""89"", ""41"", ""30"", ""49""]","{""matched_boundary"": 2, ""matched_degree_core"": 2, ""matched_random_fill"": 2}","{""degree_0_1"": 5, ""degree_5_8"": 1}","{""0"": 6}",0.0625,0.0625,0.0,27,28,1,0,1,5,5,0,0.0,10.0,0.41025641025641024,0.4188034188034188
realworld_completed,rt_retweet,SASB-matched,matched,20260513,49,middle,32--44,5,656648c2d7ba5ed8a343216fab61849efb72bc8ad7f2cdd63ccd47bd63b0b690,"theory.candidate_features(conservative, delta_mode=none)",32,6,6,"[""74"", ""35"", ""5"", ""86"", ""32"", ""44""]","{""matched_boundary"": 2, ""matched_degree_core"": 2, ""matched_random_fill"": 2}","{""degree_0_1"": 3, ""degree_2"": 2, ""degree_3_4"": 1}","{""0"": 3, ""1"": 3}",0.0625,0.052083333333333336,0.010416666666666664,28,29,1,0,1,3,3,0,0.0,10.0,0.4188034188034188,0.42735042735042733
realworld_completed,rt_retweet,SASB-matched,matched,20260513,50,middle,41--49,4,4b830b85a4a4cec0e086593cf338d2435406968054cb8acde61aa41886cf738e,"theory.candidate_features(conservative, delta_mode=none)",32,5,5,"[""89"", ""91"", ""41"", ""63"", ""49""]","{""matched_boundary"": 2, ""matched_degree_core"": 1, ""matched_random_fill"": 2}","{""degree_0_1"": 4, ""degree_3_4"": 1}","{""0"": 5}",0.052083333333333336,0.052083333333333336,0.0,29,30,1,0,1,4,4,0,0.0,8.0,0.42735042735042733,0.4358974358974359
realworld_completed,rt_retweet,SASB-matched,matched,20260513,51,middle,18--87,4,983564679bbfb42775f2712198e1618f5862d64a38b6786fa7a4da965c5b9bd9,"theory.candidate_features(conservative, delta_mode=none)",32,5,5,"[""40"", ""84"", ""18"", ""80"", ""87""]","{""matched_boundary"": 2, ""matched_degree_core"": 1, ""matched_random_fill"": 2}","{""degree_0_1"": 4, ""degree_3_4"": 1}","{""0"": 5}",0.052083333333333336,0.052083333333333336,0.0,30,31,1,0,1,4,4,0,0.0,8.0,0.4358974358974359,0.4444444444444444
realworld_completed,rt_retweet,SASB-matched,matched,20260513,52,middle,21--69,4,d8c8a6571e3ae95683616a6ccfc93b986d490efa8bedf71749ec5dbd3c5c4872,"theory.candidate_features(conservative, delta_mode=none)",32,5,5,"[""38"", ""65"", ""21"", ""58"", ""69""]","{""matched_boundary"": 2, ""matched_degree_core"": 1, ""matched_random_fill"": 2}","{""degree_0_1"": 4, ""degree_3_4"": 1}","{""0"": 5}",0.052083333333333336,0.052083333333333336,0.0,31,32,1,0,1,4,4,0,0.0,8.0,0.4444444444444444,0.452991452991453
realworld_completed,rt_retweet,SASB-matched,matched,20260513,53,middle,1--51,4,193ea3310ca40e2998ea647afe5ce8e8f5671b22369cbed614f5e6fa4716bcd2,"theory.candidate_features(conservative, delta_mode=none)",32,5,5,"[""1"", ""47"", ""77"", ""88"", ""51""]","{""matched_boundary"": 2, ""matched_degree_core"": 1, ""matched_random_fill"": 2}","{""degree_0_1"": 4, ""degree_3_4"": 1}","{""0"": 5}",0.052083333333333336,0.052083333333333336,0.0,32,33,1,0,1,4,4,0,0.0,8.0,0.452991452991453,0.46153846153846156
realworld_completed,rt_retweet,SASB-matched,matched,20260513,54,middle,4--72,4,b96c54d61123da11c8de25e4b5164a37895cfeedfb47a6d97f9018e4ced71f9b,"theory.candidate_features(conservative, delta_mode=none)",32,5,5,"[""12"", ""16"", ""62"", ""72"", ""4""]","{""matched_boundary"": 2, ""matched_degree_core"": 1, ""matched_random_fill"": 2}","{""degree_0_1"": 3, ""degree_2"": 1, ""degree_3_4"": 1}","{""0"": 2, ""1"": 3}",0.052083333333333336,0.052083333333333336,0.0,33,34,1,1,2,3,6,0,0.0,12.0,0.46153846153846156,0.4700854700854701
realworld_completed,rt_retweet,SASB-matched,matched,20260513,55,middle,13--95,4,c3c58715c3503a11212c90b83a833fab0d814dfdbe1a099a04467d63929448f1,"theory.candidate_features(conservative, delta_mode=none)",32,5,5,"[""26"", ""95"", ""3"", ""6"", ""13""]","{""matched_boundary"": 2, ""matched_degree_core"": 1, ""matched_random_fill"": 2}","{""degree_0_1"": 3, ""degree_2"": 1, ""degree_3_4"": 1}","{""0"": 3, ""1"": 2}",0.052083333333333336,0.052083333333333336,0.0,34,35,1,0,2,1,2,0,0.0,8.0,0.4700854700854701,0.47863247863247865
realworld_completed,rt_retweet,SASB-matched,matched,20260513,56,middle,35--86,4,e5b5ca07c3770eb374d411e290894df7c4ba39d5cf5643384118031e9635863c,"theory.candidate_features(conservative, delta_mode=none)",32,5,5,"[""5"", ""44"", ""35"", ""86"", ""74""]","{""matched_boundary"": 2, ""matched_degree_core"": 1, ""matched_random_fill"": 2}","{""degree_0_1"": 2, ""degree_2"": 3}","{""0"": 2, ""1"": 3}",0.052083333333333336,0.052083333333333336,0.0,35,36,1,0,2,1,2,0,0.0,8.0,0.47863247863247865,0.48717948717948717
realworld_completed,rt_retweet,SASB-matched,matched,20260513,57,middle,48--66,4,c604df9dc7ff033df65a623cd5ad5a22f990a545ef0d53a9a1680a4892f7377d,"theory.candidate_features(conservative, delta_mode=none)",32,5,5,"[""52"", ""43"", ""48"", ""19"", ""66""]","{""matched_boundary"": 2, ""matched_degree_core"": 1, ""matched_random_fill"": 2}","{""degree_0_1"": 3, ""degree_2"": 1, ""degree_3_4"": 1}","{""0"": 2, ""1"": 3}",0.052083333333333336,0.041666666666666664,0.010416666666666671,36,37,1,1,3,2,6,0,0.0,12.0,0.48717948717948717,0.49572649572649574
realworld_completed,rt_retweet,SASB-matched,matched,20260513,58,middle,31--67,3,8132d05212f15689eb033b7cfbdedd934206bd4b337315cb86dc2881dba7be60,"theory.candidate_features(conservative, delta_mode=none)",32,4,4,"[""36"", ""45"", ""31"", ""67""]","{""matched_boundary"": 1, ""matched_degree_core"": 1, ""matched_random_fill"": 2}","{""degree_0_1"": 3, ""degree_3_4"": 1}","{""0"": 4}",0.041666666666666664,0.041666666666666664,0.0,37,38,1,0,1,3,3,0,0.0,6.0,0.49572649572649574,0.5042735042735043
realworld_completed,rt_retweet,SASB-matched,matched,20260513,59,middle,49--63,3,98379eec3d53d704ab57f4745eacb57d22b051e4792cdf865fb256ddb3e4b450,"theory.candidate_features(conservative, delta_mode=none)",32,4,4,"[""63"", ""91"", ""89"", ""49""]","{""matched_boundary"": 1, ""matched_degree_core"": 1, ""matched_random_fill"": 2}","{""degree_0_1"": 3, ""degree_3_4"": 1}","{""0"": 4}",0.041666666666666664,0.041666666666666664,0.0,38,39,1,0,3,1,3,0,0.0,6.0,0.5042735042735043,0.5128205128205128
realworld_completed,rt_retweet,SASB-matched,matched,20260513,60,middle,40--87,3,1a0755c74a8e14c4684dcc1b25aeec53884f6b279363b92bcd24fa6c04e0c666,"theory.candidate_features(conservative, delta_mode=none)",32,4,4,"[""80"", ""84"", ""40"", ""87""]","{""matched_boundary"": 1, ""matched_degree_core"": 1, ""matched_random_fill"": 2}","{""degree_0_1"": 3, ""degree_3_4"": 1}","{""0"": 4}",0.041666666666666664,0.041666666666666664,0.0,39,40,1,0,1,3,3,0,0.0,6.0,0.5128205128205128,0.5213675213675214
realworld_completed,rt_retweet,SASB-matched,matched,20260513,61,middle,17--20,3,15f24cd3d1dc0a91a5f608e894593915469d2f94ecde05c28bca46d8804917aa,"theory.candidate_features(conservative, delta_mode=none)",32,4,4,"[""17"", ""75"", ""20"", ""25""]","{""matched_boundary"": 1, ""matched_degree_core"": 1, ""matched_random_fill"": 2}","{""degree_0_1"": 3, ""degree_3_4"": 1}","{""0"": 4}",0.041666666666666664,0.041666666666666664,0.0,40,41,1,0,1,3,3,0,0.0,6.0,0.5213675213675214,0.5299145299145299
realworld_completed,rt_retweet,SASB-matched,matched,20260513,62,middle,38--69,3,4c36c9d70dce43f8ba6979f410866308b4f0e1513346cbeb3cf7cd222f71103b,"theory.candidate_features(conservative, delta_mode=none)",32,4,4,"[""38"", ""65"", ""69"", ""58""]","{""matched_boundary"": 1, ""matched_degree_core"": 1, ""matched_random_fill"": 2}","{""degree_0_1"": 3, ""degree_3_4"": 1}","{""0"": 4}",0.041666666666666664,0.041666666666666664,0.0,41,42,1,0,1,3,3,0,0.0,6.0,0.5299145299145299,0.5384615384615384
realworld_completed,rt_retweet,SASB-matched,matched,20260513,63,middle,33--92,3,e30ec1bc61fda16211291f9730ac1f46290bd620ce7276e0f38cfa9f694cd1e8,"theory.candidate_features(conservative, delta_mode=none)",32,4,4,"[""92"", ""33"", ""27"", ""54""]","{""matched_boundary"": 1, ""matched_degree_core"": 1, ""matched_random_fill"": 2}","{""degree_0_1"": 2, ""degree_2"": 2}","{""0"": 2, ""1"": 2}",0.041666666666666664,0.041666666666666664,0.0,42,43,1,1,2,2,4,0,0.0,8.0,0.5384615384615384,0.5470085470085471
realworld_completed,rt_retweet,SASB-matched,matched,20260513,64,middle,47--51,3,b10526b113e694623d38c18f6a0a05760cbadfaa22421ad650183283f4d4ab3f,"theory.candidate_features(conservative, delta_mode=none)",32,4,4,"[""47"", ""77"", ""88"", ""51""]","{""matched_boundary"": 1, ""matched_degree_core"": 1, ""matched_random_fill"": 2}","{""degree_0_1"": 3, ""degree_3_4"": 1}","{""0"": 4}",0.041666666666666664,0.041666666666666664,0.0,43,44,1,0,1,3,3,0,0.0,6.0,0.5470085470085471,0.5555555555555556
realworld_completed,rt_retweet,SASB-matched,matched,20260513,65,middle,11--34,3,d769ace7f64804436e998e9ff351e8b3ad915e48833ae5258978060663c1ac05,"theory.candidate_features(conservative, delta_mode=none)",32,4,4,"[""7"", ""8"", ""11"", ""34""]","{""matched_boundary"": 1, ""matched_degree_core"": 1, ""matched_random_fill"": 2}","{""degree_0_1"": 3, ""degree_3_4"": 1}","{""0"": 4}",0.041666666666666664,0.041666666666666664,0.0,44,45,1,0,1,3,3,0,0.0,6.0,0.5555555555555556,0.5641025641025641
realworld_completed,rt_retweet,SASB-matched,matched,20260513,66,middle,3--6,3,e9d724e83c0feb53c66d42db734580af10dbae9174503e1532fa4cb78e8855b6,"theory.candidate_features(conservative, delta_mode=none)",32,4,4,"[""26"", ""3"", ""13"", ""6""]","{""matched_boundary"": 1, ""matched_degree_core"": 1, ""matched_random_fill"": 2}","{""degree_0_1"": 3, ""degree_3_4"": 1}","{""0"": 4}",0.041666666666666664,0.041666666666666664,0.0,45,46,1,0,1,3,3,0,0.0,6.0,0.5641025641025641,0.5726495726495726
realworld_completed,rt_retweet,SASB-matched,matched,20260513,67,middle,44--74,3,e6ab7c60e1c7b351940ceab8ed46980651574cacdf0606b3a97313ed4723c92a,"theory.candidate_features(conservative, delta_mode=none)",32,4,4,"[""5"", ""44"", ""74"", ""35""]","{""matched_boundary"": 1, ""matched_degree_core"": 1, ""matched_random_fill"": 2}","{""degree_0_1"": 2, ""degree_2"": 2}","{""0"": 2, ""1"": 2}",0.041666666666666664,0.041666666666666664,0.0,46,47,1,0,2,1,2,0,0.0,6.0,0.5726495726495726,0.5811965811965812
realworld_completed,rt_retweet,SASB-matched,matched,20260513,68,middle,14--61,3,b5284df4c2e58b7c3232d96eb0e6eb6c5a58a60daec7952fc217ff9f53640d08,"theory.candidate_features(conservative, delta_mode=none)",32,4,4,"[""61"", ""14"", ""64"", ""90""]","{""matched_boundary"": 1, ""matched_degree_core"": 1, ""matched_random_fill"": 2}","{""degree_0_1"": 2, ""degree_2"": 2}","{""0"": 2, ""1"": 2}",0.041666666666666664,0.03125,0.010416666666666664,47,48,1,1,2,2,4,0,0.0,8.0,0.5811965811965812,0.5897435897435898
realworld_completed,rt_retweet,SASB-matched,matched,20260513,69,middle,36--67,2,4f15f789ff9f63aa0cb5f1b0c7ce81045dd1d1a8b4656b97f4e8bdddb4f9b071,"theory.candidate_features(conservative, delta_mode=none)",32,3,3,"[""36"", ""45"", ""67""]","{""matched_boundary"": 1, ""matched_degree_core"": 1, ""matched_random_fill"": 1}","{""degree_0_1"": 2, ""degree_2"": 1}","{""0"": 3}",0.03125,0.03125,0.0,48,49,1,0,1,2,2,0,0.0,4.0,0.5897435897435898,0.5982905982905983
realworld_completed,rt_retweet,SASB-matched,matched,20260513,70,middle,0--73,2,8c9745b640fa932f7b9a8094753a6d532db4c58b15d22969581da4dddca726e0,"theory.candidate_features(conservative, delta_mode=none)",32,3,3,"[""83"", ""0"", ""73""]","{""matched_boundary"": 1, ""matched_degree_core"": 1, ""matched_random_fill"": 1}","{""degree_0_1"": 2, ""degree_2"": 1}","{""0"": 3}",0.03125,0.03125,0.0,49,50,1,0,2,1,2,0,0.0,4.0,0.5982905982905983,0.6068376068376068
realworld_completed,rt_retweet,SASB-matched,matched,20260513,71,middle,28--39,2,b5b485e28d444af491c8441cfe97d35648751d86beeb2aa03d616def47aff67a,"theory.candidate_features(conservative, delta_mode=none)",32,3,3,"[""28"", ""81"", ""39""]","{""matched_boundary"": 1, ""matched_degree_core"": 1, ""matched_random_fill"": 1}","{""degree_0_1"": 2, ""degree_2"": 1}","{""0"": 3}",0.03125,0.03125,0.0,50,51,1,0,1,2,2,0,0.0,4.0,0.6068376068376068,0.6153846153846154
realworld_completed,rt_retweet,SASB-matched,matched,20260513,72,middle,49--89,2,bcb091cd58f78426549031944978ac200672bdedf5f4b8ef937f45226c3cc42b,"theory.candidate_features(conservative, delta_mode=none)",32,3,3,"[""89"", ""91"", ""49""]","{""matched_boundary"": 1, ""matched_degree_core"": 1, ""matched_random_fill"": 1}","{""degree_0_1"": 2, ""degree_2"": 1}","{""0"": 3}",0.03125,0.03125,0.0,51,52,1,0,2,1,2,0,0.0,4.0,0.6153846153846154,0.6239316239316239
realworld_completed,rt_retweet,SASB-matched,matched,20260513,73,middle,80--87,2,bb454ddd488572bb60d8c5604c9be71c43b3fe6f9bcd306df16b057887e84ca2,"theory.candidate_features(conservative, delta_mode=none)",32,3,3,"[""80"", ""84"", ""87""]","{""matched_boundary"": 1, ""matched_degree_core"": 1, ""matched_random_fill"": 1}","{""degree_0_1"": 2, ""degree_2"": 1}","{""0"": 3}",0.03125,0.03125,0.0,52,53,1,0,1,2,2,0,0.0,4.0,0.6239316239316239,0.6324786324786325
realworld_completed,rt_retweet,SASB-matched,matched,20260513,74,middle,20--25,2,f3db7ef8375758ec0f2696cc91e1ed5d8f15f3498f0e108c2b27bc2316f1e5da,"theory.candidate_features(conservative, delta_mode=none)",32,3,3,"[""75"", ""20"", ""25""]","{""matched_boundary"": 1, ""matched_degree_core"": 1, ""matched_random_fill"": 1}","{""degree_0_1"": 2, ""degree_2"": 1}","{""0"": 3}",0.03125,0.03125,0.0,53,54,1,0,2,1,2,0,0.0,4.0,0.6324786324786325,0.6410256410256411
realworld_completed,rt_retweet,SASB-matched,matched,20260513,75,middle,58--69,2,158c44424e27dffed508129ec209b4cf87a69b55ab90b562d6fd03b009c6c215,"theory.candidate_features(conservative, delta_mode=none)",32,3,3,"[""65"", ""69"", ""58""]","{""matched_boundary"": 1, ""matched_degree_core"": 1, ""matched_random_fill"": 1}","{""degree_0_1"": 2, ""degree_2"": 1}","{""0"": 3}",0.03125,0.03125,0.0,54,55,1,0,1,2,2,0,0.0,4.0,0.6410256410256411,0.6495726495726496
realworld_completed,rt_retweet,SASB-matched,matched,20260513,76,middle,59--94,2,3a7c49bb8dc72e2b862119ea0086a20787bb656e69e1acbfc8180aebdbdcc1ba,"theory.candidate_features(conservative, delta_mode=none)",32,3,3,"[""59"", ""78"", ""94""]","{""matched_boundary"": 1, ""matched_degree_core"": 1, ""matched_random_fill"": 1}","{""degree_0_1"": 2, ""degree_2"": 1}","{""0"": 3}",0.03125,0.03125,0.0,55,56,1,0,1,2,2,0,0.0,4.0,0.6495726495726496,0.6581196581196581
realworld_completed,rt_retweet,SASB-matched,matched,20260513,77,middle,51--77,2,53afc153a48befbffbd85df7408f275948232d386d5b3bb07fae456435968b85,"theory.candidate_features(conservative, delta_mode=none)",32,3,3,"[""77"", ""88"", ""51""]","{""matched_boundary"": 1, ""matched_degree_core"": 1, ""matched_random_fill"": 1}","{""degree_0_1"": 2, ""degree_2"": 1}","{""0"": 3}",0.03125,0.03125,0.0,56,57,1,0,2,1,2,0,0.0,4.0,0.6581196581196581,0.6666666666666666
realworld_completed,rt_retweet,SASB-matched,matched,20260513,78,late,12--72,2,922b749250177be7afad7c9f4452f1bbffcb366e5384cd17e85fd50541de51e7,"theory.candidate_features(conservative, delta_mode=none)",32,3,3,"[""62"", ""72"", ""12""]","{""matched_boundary"": 1, ""matched_degree_core"": 1, ""matched_random_fill"": 1}","{""degree_0_1"": 2, ""degree_2"": 1}","{""0"": 3}",0.03125,0.03125,0.0,57,58,1,0,1,2,2,0,0.0,4.0,0.6666666666666666,0.6752136752136753
realworld_completed,rt_retweet,SASB-matched,matched,20260513,79,late,34--7,2,4f4eb898826a0b4b6aebc35483bd014319426761d77b11f7513d5846ce612b66,"theory.candidate_features(conservative, delta_mode=none)",32,3,3,"[""7"", ""8"", ""34""]","{""matched_boundary"": 1, ""matched_degree_core"": 1, ""matched_random_fill"": 1}","{""degree_0_1"": 2, ""degree_2"": 1}","{""0"": 3}",0.03125,0.03125,0.0,58,59,1,0,2,1,2,0,0.0,0.0,0.6752136752136753,0.6837606837606838
realworld_completed,rt_retweet,SASB-matched,matched,20260513,80,late,13--6,2,98aa32ee3bbaad27f0327ff191a2d4260f89df0f8a378ce61f6404b40a46898f,"theory.candidate_features(conservative, delta_mode=none)",32,3,3,"[""13"", ""26"", ""6""]","{""matched_boundary"": 1, ""matched_degree_core"": 1, ""matched_random_fill"": 1}","{""degree_0_1"": 2, ""degree_2"": 1}","{""0"": 3}",0.03125,0.03125,0.0,59,60,1,0,1,2,2,0,0.0,0.0,0.6837606837606838,0.6923076923076923
realworld_completed,rt_retweet,SASB-matched,matched,20260513,81,late,42--70,2,567d084ca3e0460aa1f9f45f40725d61ba7e7aaeb00763a703e074532f8a9aae,"theory.candidate_features(conservative, delta_mode=none)",32,3,3,"[""85"", ""42"", ""70""]","{""matched_boundary"": 1, ""matched_degree_core"": 1, ""matched_random_fill"": 1}","{""degree_0_1"": 2, ""degree_2"": 1}","{""0"": 3}",0.03125,0.03125,0.0,60,61,1,0,2,1,2,0,0.0,4.0,0.6923076923076923,0.7008547008547008
realworld_completed,rt_retweet,SASB-matched,matched,20260513,82,late,24--50,2,0ba89bc71dfc8dee3169b48c3c94e0e1a0a2366b595e64b35ea0e79f9321a8ab,"theory.candidate_features(conservative, delta_mode=none)",32,3,3,"[""50"", ""53"", ""24""]","{""matched_boundary"": 1, ""matched_degree_core"": 1, ""matched_random_fill"": 1}","{""degree_0_1"": 2, ""degree_2"": 1}","{""0"": 3}",0.03125,0.03125,0.0,61,62,1,0,2,1,2,0,0.0,4.0,0.7008547008547008,0.7094017094017094
realworld_completed,rt_retweet,SASB-matched,matched,20260513,83,late,37--71,2,4dcedeee92c499943c7f1cf31842de4eb9d27c4e52afbf3c8232aaf46425e3d7,"theory.candidate_features(conservative, delta_mode=none)",32,3,3,"[""55"", ""71"", ""37""]","{""matched_boundary"": 1, ""matched_degree_core"": 1, ""matched_random_fill"": 1}","{""degree_0_1"": 2, ""degree_2"": 1}","{""0"": 3}",0.03125,0.03125,0.0,62,63,1,0,1,2,2,0,0.0,4.0,0.7094017094017094,0.717948717948718
realworld_completed,rt_retweet,SASB-matched,matched,20260513,84,late,22--60,2,e6919b498f631eaac63370a1307373b89955dc3370a3dd1f789ba56dcb34d3cd,"theory.candidate_features(conservative, delta_mode=none)",32,3,3,"[""22"", ""79"", ""60""]","{""matched_boundary"": 1, ""matched_degree_core"": 1, ""matched_random_fill"": 1}","{""degree_0_1"": 2, ""degree_2"": 1}","{""0"": 3}",0.03125,0.03125,0.0,63,64,1,0,1,2,2,0,0.0,4.0,0.717948717948718,0.7264957264957265
realworld_completed,rt_retweet,SASB-matched,matched,20260513,85,late,35--5,2,7a5633556355de8a996e4f61c6b6bed68682b9a4b9196ae00b3a73ad525e0322,"theory.candidate_features(conservative, delta_mode=none)",32,3,3,"[""35"", ""44"", ""5""]","{""matched_boundary"": 1, ""matched_degree_core"": 1, ""matched_random_fill"": 1}","{""degree_0_1"": 2, ""degree_2"": 1}","{""0"": 3}",0.03125,0.03125,0.0,64,65,1,0,1,2,2,0,0.0,0.0,0.7264957264957265,0.7350427350427351
realworld_completed,rt_retweet,SASB-matched,matched,20260513,86,late,19--48,2,0b7bd1ba176b24e0c1847693bfdc71706142f1df53cda78ad33f80bdc25a6f62,"theory.candidate_features(conservative, delta_mode=none)",32,3,3,"[""19"", ""52"", ""48""]","{""matched_boundary"": 1, ""matched_degree_core"": 1, ""matched_random_fill"": 1}","{""degree_0_1"": 2, ""degree_2"": 1}","{""0"": 3}",0.03125,0.020833333333333332,0.010416666666666668,65,66,1,0,1,2,2,0,0.0,4.0,0.7350427350427351,0.7435897435897436
realworld_completed,rt_retweet,SASB-matched,matched,20260513,87,late,45--67,1,c472a184240017d5d97b38746593e793053cdb5376ef7d24c8fa8c215d98555b,"theory.candidate_features(conservative, delta_mode=none)",32,2,2,"[""67"", ""45""]","{""matched_boundary"": 1, ""matched_community_rep"": 1}","{""degree_0_1"": 2}","{""0"": 2}",0.020833333333333332,0.020833333333333332,0.0,66,67,1,0,1,1,1,0,0.0,2.0,0.7435897435897436,0.7521367521367521
realworld_completed,rt_retweet,SASB-matched,matched,20260513,88,late,0--83,1,7cfef8b105c928a567b3169c5c0db63718ed2d25ee40ec5c2934987fdce8af3d,"theory.candidate_features(conservative, delta_mode=none)",32,2,2,"[""83"", ""0""]","{""matched_boundary"": 1, ""matched_community_rep"": 1}","{""degree_0_1"": 2}","{""0"": 2}",0.020833333333333332,0.020833333333333332,0.0,67,68,1,0,1,1,1,0,0.0,2.0,0.7521367521367521,0.7606837606837606
realworld_completed,rt_retweet,SASB-matched,matched,20260513,89,late,39--81,1,24071287419a934a554c1389aeccd8fc227cfe972c9f4331828894237398d9bb,"theory.candidate_features(conservative, delta_mode=none)",32,2,2,"[""81"", ""39""]","{""matched_boundary"": 1, ""matched_community_rep"": 1}","{""degree_0_1"": 2}","{""0"": 2}",0.020833333333333332,0.020833333333333332,0.0,68,69,1,0,1,1,1,0,0.0,2.0,0.7606837606837606,0.7692307692307693
realworld_completed,rt_retweet,SASB-matched,matched,20260513,90,late,49--91,1,9f6cb2204ece9b838ad8703dfa3abf5da2fc97bdb3daf382f13b00ebc95d051c,"theory.candidate_features(conservative, delta_mode=none)",32,2,2,"[""91"", ""49""]","{""matched_boundary"": 1, ""matched_community_rep"": 1}","{""degree_0_1"": 2}","{""0"": 2}",0.020833333333333332,0.020833333333333332,0.0,69,70,1,0,1,1,1,0,0.0,2.0,0.7692307692307693,0.7777777777777778
realworld_completed,rt_retweet,SASB-matched,matched,20260513,91,late,84--87,1,8e48707745fc8173244dcbb93991136629178fe4e9d2046b0dc33ebc7e1dcefd,"theory.candidate_features(conservative, delta_mode=none)",32,2,2,"[""87"", ""84""]","{""matched_boundary"": 1, ""matched_community_rep"": 1}","{""degree_0_1"": 2}","{""0"": 2}",0.020833333333333332,0.020833333333333332,0.0,70,71,1,0,1,1,1,0,0.0,2.0,0.7777777777777778,0.7863247863247863
realworld_completed,rt_retweet,SASB-matched,matched,20260513,92,late,20--75,1,db67d1af5740aa3b31332fdf3aeae0064a5776ce1802f0b3001bb29e3aafdfcd,"theory.candidate_features(conservative, delta_mode=none)",32,2,2,"[""75"", ""20""]","{""matched_boundary"": 1, ""matched_community_rep"": 1}","{""degree_0_1"": 2}","{""0"": 2}",0.020833333333333332,0.020833333333333332,0.0,71,72,1,0,1,1,1,0,0.0,2.0,0.7863247863247863,0.7948717948717948
realworld_completed,rt_retweet,SASB-matched,matched,20260513,93,late,65--69,1,a8b9253f0eb3452a70c41e5522f0aebda251213fb72abeb98b3fa888430306f5,"theory.candidate_features(conservative, delta_mode=none)",32,2,2,"[""69"", ""65""]","{""matched_boundary"": 1, ""matched_community_rep"": 1}","{""degree_0_1"": 2}","{""0"": 2}",0.020833333333333332,0.020833333333333332,0.0,72,73,1,0,1,1,1,0,0.0,2.0,0.7948717948717948,0.8034188034188035
realworld_completed,rt_retweet,SASB-matched,matched,20260513,94,late,78--94,1,8a71ab15ba4c0a3b21d513817f9d4414dd77659634e4f5cce3488a49fe6744b2,"theory.candidate_features(conservative, delta_mode=none)",32,2,2,"[""94"", ""78""]","{""matched_boundary"": 1, ""matched_community_rep"": 1}","{""degree_0_1"": 2}","{""0"": 2}",0.020833333333333332,0.020833333333333332,0.0,73,74,1,0,1,1,1,0,0.0,2.0,0.8034188034188035,0.811965811965812
realworld_completed,rt_retweet,SASB-matched,matched,20260513,95,late,10--23,1,6dc04ffa7c6c2cef676c3d4eac80260e54e1df3f9a545d6a68610da215c5e7cd,"theory.candidate_features(conservative, delta_mode=none)",32,2,2,"[""23"", ""10""]","{""matched_boundary"": 1, ""matched_community_rep"": 1}","{""degree_0_1"": 2}","{""0"": 2}",0.020833333333333332,0.020833333333333332,0.0,74,75,1,0,1,1,1,0,0.0,2.0,0.811965811965812,0.8205128205128205
realworld_completed,rt_retweet,SASB-matched,matched,20260513,96,late,15--46,1,038e74da4d7fec4f51366deb866f93db35b539d7219342315410b0fb082a6459,"theory.candidate_features(conservative, delta_mode=none)",32,2,2,"[""46"", ""15""]","{""matched_boundary"": 1, ""matched_community_rep"": 1}","{""degree_0_1"": 2}","{""0"": 2}",0.020833333333333332,0.020833333333333332,0.0,75,76,1,0,1,1,1,0,0.0,2.0,0.8205128205128205,0.8290598290598291
realworld_completed,rt_retweet,SASB-matched,matched,20260513,97,late,56--57,1,c1b8d0b2e0175512264aab579cd1e4e6ca7810bb521999e5979997cf4c706109,"theory.candidate_features(conservative, delta_mode=none)",32,2,2,"[""57"", ""56""]","{""matched_boundary"": 1, ""matched_community_rep"": 1}","{""degree_0_1"": 2}","{""0"": 2}",0.020833333333333332,0.020833333333333332,0.0,76,77,1,0,1,1,1,0,0.0,2.0,0.8290598290598291,0.8376068376068376
realworld_completed,rt_retweet,SASB-matched,matched,20260513,98,late,27--92,1,c6aa1f7c9efa148b88889d5b9508eaa654b5c21fb2b64f1f2755d4330a40baf5,"theory.candidate_features(conservative, delta_mode=none)",32,2,2,"[""92"", ""27""]","{""matched_boundary"": 1, ""matched_community_rep"": 1}","{""degree_0_1"": 2}","{""0"": 2}",0.020833333333333332,0.020833333333333332,0.0,77,78,1,0,1,1,1,0,0.0,2.0,0.8376068376068376,0.8461538461538461
realworld_completed,rt_retweet,SASB-matched,matched,20260513,99,late,51--88,1,d1fe1dc16df39d0095f5ccd5c3254da30a92614c18f260ad69997b07245de206,"theory.candidate_features(conservative, delta_mode=none)",32,2,2,"[""88"", ""51""]","{""matched_boundary"": 1, ""matched_community_rep"": 1}","{""degree_0_1"": 2}","{""0"": 2}",0.020833333333333332,0.020833333333333332,0.0,78,79,1,0,1,1,1,0,0.0,2.0,0.8461538461538461,0.8547008547008547
realworld_completed,rt_retweet,SASB-matched,matched,20260513,100,late,2--93,1,02edfbfa074b16a3a4dff51f3ee7eb930eef164c8bec53b90f1486481eb278f4,"theory.candidate_features(conservative, delta_mode=none)",32,2,2,"[""93"", ""2""]","{""matched_boundary"": 1, ""matched_community_rep"": 1}","{""degree_0_1"": 2}","{""0"": 2}",0.020833333333333332,0.020833333333333332,0.0,79,80,1,0,1,1,1,0,0.0,2.0,0.8547008547008547,0.8632478632478633
realworld_completed,rt_retweet,SASB-matched,matched,20260513,101,late,62--72,1,f91ee1012c262ee497a0df3979b78c62ee2bc938cc2bd5c822b29242604eba23,"theory.candidate_features(conservative, delta_mode=none)",32,2,2,"[""72"", ""62""]","{""matched_boundary"": 1, ""matched_community_rep"": 1}","{""degree_0_1"": 2}","{""0"": 2}",0.020833333333333332,0.020833333333333332,0.0,80,81,1,0,1,1,1,0,0.0,2.0,0.8632478632478633,0.8717948717948718
realworld_completed,rt_retweet,SASB-matched,matched,20260513,102,late,16--4,1,69f0bb09f7bad7324b262dffe7a3bdb993e1b50feaea58d8ccd3c08d1bb4d94f,"theory.candidate_features(conservative, delta_mode=none)",32,2,2,"[""4"", ""16""]","{""matched_boundary"": 1, ""matched_community_rep"": 1}","{""degree_0_1"": 2}","{""0"": 2}",0.020833333333333332,0.020833333333333332,0.0,81,82,1,0,1,1,1,0,0.0,0.0,0.8717948717948718,0.8803418803418803
realworld_completed,rt_retweet,SASB-matched,matched,20260513,103,late,34--8,1,6ddadd03d59be7c3fffb84d41ea45bbf751912e9fa2b399317b0b39e2991446d,"theory.candidate_features(conservative, delta_mode=none)",32,2,2,"[""8"", ""34""]","{""matched_boundary"": 1, ""matched_community_rep"": 1}","{""degree_0_1"": 2}","{""0"": 2}",0.020833333333333332,0.020833333333333332,0.0,82,83,1,0,1,1,1,0,0.0,0.0,0.8803418803418803,0.8888888888888888
realworld_completed,rt_retweet,SASB-matched,matched,20260513,104,late,33--54,1,2be7dec146fad42ffeb1f044ae2c8a6a94d428dff32160b71150d291aed7b89d,"theory.candidate_features(conservative, delta_mode=none)",32,2,2,"[""54"", ""33""]","{""matched_boundary"": 1, ""matched_community_rep"": 1}","{""degree_0_1"": 2}","{""0"": 2}",0.020833333333333332,0.020833333333333332,0.0,83,84,1,0,1,1,1,0,0.0,2.0,0.8888888888888888,0.8974358974358975
realworld_completed,rt_retweet,SASB-matched,matched,20260513,105,late,26--6,1,994a59f6b4657c913ce659bb8a866531e4658ac8cc9b1fe9c75337698f454026,"theory.candidate_features(conservative, delta_mode=none)",32,2,2,"[""6"", ""26""]","{""matched_boundary"": 1, ""matched_community_rep"": 1}","{""degree_0_1"": 2}","{""0"": 2}",0.020833333333333332,0.020833333333333332,0.0,84,85,1,0,1,1,1,0,0.0,0.0,0.8974358974358975,0.905982905982906
realworld_completed,rt_retweet,SASB-matched,matched,20260513,106,late,42--85,1,c8e2fb8d07bd98bfdae163549810d49764714798cf32c14b21e0dba6200a9c00,"theory.candidate_features(conservative, delta_mode=none)",32,2,2,"[""85"", ""42""]","{""matched_boundary"": 1, ""matched_community_rep"": 1}","{""degree_0_1"": 2}","{""0"": 2}",0.020833333333333332,0.020833333333333332,0.0,85,86,1,0,1,1,1,0,0.0,2.0,0.905982905982906,0.9145299145299145
realworld_completed,rt_retweet,SASB-matched,matched,20260513,107,late,24--53,1,60f0a4412207d3b513dfd7a79eba1cb26c5acaf1954d137e76c13b9626a0d1d2,"theory.candidate_features(conservative, delta_mode=none)",32,2,2,"[""53"", ""24""]","{""matched_boundary"": 1, ""matched_community_rep"": 1}","{""degree_0_1"": 2}","{""0"": 2}",0.020833333333333332,0.020833333333333332,0.0,86,87,1,0,1,1,1,0,0.0,2.0,0.9145299145299145,0.9230769230769231
realworld_completed,rt_retweet,SASB-matched,matched,20260513,108,late,55--71,1,bed4e76efec13326645ee253b5eaf6ac8e8087c75c225f4dd733c15b84c8a4c9,"theory.candidate_features(conservative, delta_mode=none)",32,2,2,"[""71"", ""55""]","{""matched_boundary"": 1, ""matched_community_rep"": 1}","{""degree_0_1"": 2}","{""0"": 2}",0.020833333333333332,0.020833333333333332,0.0,87,88,1,0,1,1,1,0,0.0,2.0,0.9230769230769231,0.9316239316239316
realworld_completed,rt_retweet,SASB-matched,matched,20260513,109,late,68--76,1,ca67939c38f0e839db8224ce6752852e90dcda02a06d5d5055e6c9b886008361,"theory.candidate_features(conservative, delta_mode=none)",32,2,2,"[""76"", ""68""]","{""matched_boundary"": 1, ""matched_community_rep"": 1}","{""degree_0_1"": 2}","{""0"": 2}",0.020833333333333332,0.020833333333333332,0.0,88,89,1,0,1,1,1,0,0.0,2.0,0.9316239316239316,0.9401709401709402
realworld_completed,rt_retweet,SASB-matched,matched,20260513,110,late,60--79,1,6a1e3db3060dfadff62a61d0feb80227147c752a71a29ad08882e8646c363691,"theory.candidate_features(conservative, delta_mode=none)",32,2,2,"[""79"", ""60""]","{""matched_boundary"": 1, ""matched_community_rep"": 1}","{""degree_0_1"": 2}","{""0"": 2}",0.020833333333333332,0.020833333333333332,0.0,89,90,1,0,1,1,1,0,0.0,2.0,0.9401709401709402,0.9487179487179487
realworld_completed,rt_retweet,SASB-matched,matched,20260513,111,late,82--9,1,5648220d4e5d724a22f2388b5bad7098cec856f5e948095cb389a8da3c7dd50a,"theory.candidate_features(conservative, delta_mode=none)",32,2,2,"[""9"", ""82""]","{""matched_boundary"": 1, ""matched_community_rep"": 1}","{""degree_0_1"": 2}","{""0"": 2}",0.020833333333333332,0.020833333333333332,0.0,90,91,1,0,1,1,1,0,0.0,0.0,0.9487179487179487,0.9572649572649573
realworld_completed,rt_retweet,SASB-matched,matched,20260513,112,late,44--5,1,265574ba961bfacb6a98a6ce903056093855ef5bb847d84b983b5f67a6f9eb81,"theory.candidate_features(conservative, delta_mode=none)",32,2,2,"[""5"", ""44""]","{""matched_boundary"": 1, ""matched_community_rep"": 1}","{""degree_0_1"": 2}","{""0"": 2}",0.020833333333333332,0.020833333333333332,0.0,91,92,1,0,1,1,1,0,0.0,0.0,0.9572649572649573,0.9658119658119658
realworld_completed,rt_retweet,SASB-matched,matched,20260513,113,late,48--52,1,49026528a22aca6f20ce9e9c41e4a0e566c4886a59ae692e5f1dee538dba0cc7,"theory.candidate_features(conservative, delta_mode=none)",32,2,2,"[""52"", ""48""]","{""matched_boundary"": 1, ""matched_community_rep"": 1}","{""degree_0_1"": 2}","{""0"": 2}",0.020833333333333332,0.020833333333333332,0.0,92,93,1,0,1,1,1,0,0.0,2.0,0.9658119658119658,0.9743589743589743
realworld_completed,rt_retweet,SASB-matched,matched,20260513,114,late,14--64,1,62846702c54d1d950719a8e8e7bdf480c68558b613caaa411bc8177b3df81dcd,"theory.candidate_features(conservative, delta_mode=none)",32,2,2,"[""64"", ""14""]","{""matched_boundary"": 1, ""matched_community_rep"": 1}","{""degree_0_1"": 2}","{""0"": 2}",0.020833333333333332,0.020833333333333332,0.0,93,94,1,0,1,1,1,0,0.0,2.0,0.9743589743589743,0.9829059829059829
realworld_completed,rt_retweet,SASB-matched,matched,20260513,115,late,43--66,1,400871be0a39dd84cbaa62072aa10399777b2e0162e27bb20765e59fff4731e7,"theory.candidate_features(conservative, delta_mode=none)",32,2,2,"[""66"", ""43""]","{""matched_boundary"": 1, ""matched_community_rep"": 1}","{""degree_0_1"": 2}","{""0"": 2}",0.020833333333333332,0.020833333333333332,0.0,94,95,1,0,1,1,1,0,0.0,2.0,0.9829059829059829,0.9914529914529915
realworld_completed,rt_retweet,SASB-matched,matched,20260513,116,late,61--90,1,77c35c2d69ae97f3f234ae750b9229c767d9403b17f6b0b94f6dcd11e3b9aa69,"theory.candidate_features(conservative, delta_mode=none)",32,2,2,"[""90"", ""61""]","{""matched_boundary"": 1, ""matched_community_rep"": 1}","{""degree_0_1"": 2}","{""0"": 2}",0.020833333333333332,0.010416666666666666,0.010416666666666666,95,96,1,0,1,1,1,0,0.0,2.0,0.9914529914529915,1.0
